-- phpMyAdmin SQL Dump
-- version 5.2.2
-- https://www.phpmyadmin.net/
--
-- Host: localhost:3306
-- Generation Time: Mar 09, 2026 at 10:03 PM
-- Server version: 8.4.3
-- PHP Version: 8.3.16

SET SQL_MODE = "NO_AUTO_VALUE_ON_ZERO";
START TRANSACTION;
SET time_zone = "+00:00";


/*!40101 SET @OLD_CHARACTER_SET_CLIENT=@@CHARACTER_SET_CLIENT */;
/*!40101 SET @OLD_CHARACTER_SET_RESULTS=@@CHARACTER_SET_RESULTS */;
/*!40101 SET @OLD_COLLATION_CONNECTION=@@COLLATION_CONNECTION */;
/*!40101 SET NAMES utf8mb4 */;

--
-- Database: `db_quiz`
--

-- --------------------------------------------------------

--
-- Table structure for table `answers`
--

CREATE TABLE `answers` (
  `id` int NOT NULL,
  `user_id` int NOT NULL,
  `quiz_id` int NOT NULL,
  `question_id` int NOT NULL,
  `option_id` int NOT NULL,
  `is_right` tinyint(1) NOT NULL COMMENT ' 1 = right, 0 = wrong',
  `date_updated` datetime NOT NULL DEFAULT CURRENT_TIMESTAMP ON UPDATE CURRENT_TIMESTAMP
) ENGINE=InnoDB DEFAULT CHARSET=utf8mb4 COLLATE=utf8mb4_unicode_ci;

--
-- Dumping data for table `answers`
--

INSERT INTO `answers` (`id`, `user_id`, `quiz_id`, `question_id`, `option_id`, `is_right`, `date_updated`) VALUES
(1, 20, 1, 1, 17, 1, '2026-02-25 11:02:17'),
(2, 20, 1, 1, 20, 0, '2026-02-25 11:11:56'),
(3, 20, 1, 1, 17, 1, '2026-02-25 11:13:54'),
(4, 20, 1, 3, 21, 0, '2026-02-25 11:13:54'),
(5, 20, 1, 1, 17, 1, '2026-02-25 11:14:00'),
(6, 20, 1, 3, 24, 0, '2026-02-25 11:14:00'),
(7, 20, 1, 1, 17, 1, '2026-02-25 11:14:03'),
(8, 20, 1, 3, 23, 0, '2026-02-25 11:14:03'),
(9, 20, 1, 1, 17, 1, '2026-02-25 11:14:19'),
(10, 20, 1, 3, 28, 1, '2026-02-25 11:14:19'),
(11, 20, 1, 1, 44, 0, '2026-02-25 11:24:59'),
(12, 20, 1, 3, 53, 0, '2026-02-25 11:24:59'),
(13, 20, 1, 4, 50, 0, '2026-02-25 11:24:59'),
(14, 20, 1, 5, 47, 0, '2026-02-25 11:24:59'),
(15, 20, 1, 6, 58, 0, '2026-02-25 11:24:59'),
(16, 20, 1, 1, 41, 1, '2026-02-25 11:26:29'),
(17, 20, 1, 3, 56, 1, '2026-02-25 11:26:29'),
(18, 20, 1, 4, 49, 1, '2026-02-25 11:26:29'),
(19, 20, 1, 5, 48, 0, '2026-02-25 11:26:29'),
(20, 20, 1, 6, 57, 1, '2026-02-25 11:26:29'),
(21, 20, 1, 1, 41, 1, '2026-02-25 11:26:32'),
(22, 20, 1, 3, 56, 1, '2026-02-25 11:26:32'),
(23, 20, 1, 4, 49, 1, '2026-02-25 11:26:32'),
(24, 20, 1, 5, 48, 0, '2026-02-25 11:26:32'),
(25, 20, 1, 6, 60, 0, '2026-02-25 11:26:32'),
(26, 20, 1, 1, 41, 1, '2026-02-25 11:26:37'),
(27, 20, 1, 3, 56, 1, '2026-02-25 11:26:37'),
(28, 20, 1, 4, 49, 1, '2026-02-25 11:26:37'),
(29, 20, 1, 5, 45, 1, '2026-02-25 11:26:37'),
(30, 20, 1, 6, 57, 1, '2026-02-25 11:26:37'),
(31, 20, 1, 1, 41, 1, '2026-02-25 11:31:51'),
(32, 20, 1, 3, 56, 1, '2026-02-25 11:31:51'),
(33, 20, 1, 4, 49, 1, '2026-02-25 11:31:51'),
(34, 20, 1, 5, 45, 1, '2026-02-25 11:31:51'),
(35, 20, 1, 6, 57, 1, '2026-02-25 11:31:51'),
(36, 20, 1, 7, 64, 0, '2026-02-25 11:31:51'),
(37, 20, 1, 8, 68, 0, '2026-02-25 11:31:51'),
(38, 20, 1, 9, 69, 1, '2026-02-25 11:31:51'),
(39, 20, 1, 10, 73, 0, '2026-02-25 11:31:51'),
(40, 20, 1, 1, 41, 1, '2026-02-25 11:31:54'),
(41, 20, 1, 3, 56, 1, '2026-02-25 11:31:54'),
(42, 20, 1, 4, 49, 1, '2026-02-25 11:31:54'),
(43, 20, 1, 5, 45, 1, '2026-02-25 11:31:54'),
(44, 20, 1, 6, 57, 1, '2026-02-25 11:31:54'),
(45, 20, 1, 7, 64, 0, '2026-02-25 11:31:54'),
(46, 20, 1, 8, 68, 0, '2026-02-25 11:31:55'),
(47, 20, 1, 9, 69, 1, '2026-02-25 11:31:55'),
(48, 20, 1, 10, 76, 0, '2026-02-25 11:31:55'),
(49, 20, 1, 1, 41, 1, '2026-02-25 11:31:59'),
(50, 20, 1, 3, 56, 1, '2026-02-25 11:31:59'),
(51, 20, 1, 4, 49, 1, '2026-02-25 11:31:59'),
(52, 20, 1, 5, 45, 1, '2026-02-25 11:31:59'),
(53, 20, 1, 6, 57, 1, '2026-02-25 11:31:59'),
(54, 20, 1, 7, 64, 0, '2026-02-25 11:31:59'),
(55, 20, 1, 8, 68, 0, '2026-02-25 11:31:59'),
(56, 20, 1, 9, 69, 1, '2026-02-25 11:31:59'),
(57, 20, 1, 10, 73, 0, '2026-02-25 11:31:59'),
(58, 20, 1, 1, 41, 1, '2026-02-25 11:32:01'),
(59, 20, 1, 3, 56, 1, '2026-02-25 11:32:01'),
(60, 20, 1, 4, 49, 1, '2026-02-25 11:32:01'),
(61, 20, 1, 5, 45, 1, '2026-02-25 11:32:01'),
(62, 20, 1, 6, 57, 1, '2026-02-25 11:32:01'),
(63, 20, 1, 7, 64, 0, '2026-02-25 11:32:01'),
(64, 20, 1, 8, 68, 0, '2026-02-25 11:32:01'),
(65, 20, 1, 9, 69, 1, '2026-02-25 11:32:01'),
(66, 20, 1, 10, 75, 0, '2026-02-25 11:32:01'),
(67, 20, 1, 1, 41, 1, '2026-02-25 11:32:03'),
(68, 20, 1, 3, 56, 1, '2026-02-25 11:32:03'),
(69, 20, 1, 4, 49, 1, '2026-02-25 11:32:03'),
(70, 20, 1, 5, 45, 1, '2026-02-25 11:32:03'),
(71, 20, 1, 6, 57, 1, '2026-02-25 11:32:03'),
(72, 20, 1, 7, 64, 0, '2026-02-25 11:32:03'),
(73, 20, 1, 8, 68, 0, '2026-02-25 11:32:03'),
(74, 20, 1, 9, 69, 1, '2026-02-25 11:32:03'),
(75, 20, 1, 10, 74, 0, '2026-02-25 11:32:03'),
(76, 20, 1, 1, 41, 1, '2026-02-25 11:32:38'),
(77, 20, 1, 3, 56, 1, '2026-02-25 11:32:38'),
(78, 20, 1, 4, 49, 1, '2026-02-25 11:32:38'),
(79, 20, 1, 5, 45, 1, '2026-02-25 11:32:38'),
(80, 20, 1, 6, 57, 1, '2026-02-25 11:32:38'),
(81, 20, 1, 7, 64, 0, '2026-02-25 11:32:38'),
(82, 20, 1, 8, 68, 0, '2026-02-25 11:32:38'),
(83, 20, 1, 9, 69, 1, '2026-02-25 11:32:38'),
(84, 20, 1, 1, 41, 1, '2026-02-25 11:33:20'),
(85, 20, 1, 3, 56, 1, '2026-02-25 11:33:20'),
(86, 20, 1, 4, 49, 1, '2026-02-25 11:33:20'),
(87, 20, 1, 5, 45, 1, '2026-02-25 11:33:20'),
(88, 20, 1, 6, 57, 1, '2026-02-25 11:33:20'),
(89, 20, 1, 7, 64, 0, '2026-02-25 11:33:20'),
(90, 20, 1, 8, 68, 0, '2026-02-25 11:33:20'),
(91, 20, 1, 9, 69, 1, '2026-02-25 11:33:20'),
(92, 20, 1, 10, 77, 1, '2026-02-25 11:33:20'),
(93, 20, 1, 1, 41, 1, '2026-02-25 11:33:26'),
(94, 20, 1, 3, 56, 1, '2026-02-25 11:33:26'),
(95, 20, 1, 4, 49, 1, '2026-02-25 11:33:26'),
(96, 20, 1, 5, 45, 1, '2026-02-25 11:33:26'),
(97, 20, 1, 6, 57, 1, '2026-02-25 11:33:26'),
(98, 20, 1, 7, 64, 0, '2026-02-25 11:33:26'),
(99, 20, 1, 8, 65, 0, '2026-02-25 11:33:26'),
(100, 20, 1, 9, 69, 1, '2026-02-25 11:33:26'),
(101, 20, 1, 10, 77, 1, '2026-02-25 11:33:26'),
(102, 20, 1, 1, 41, 1, '2026-02-25 11:33:31'),
(103, 20, 1, 3, 56, 1, '2026-02-25 11:33:31'),
(104, 20, 1, 4, 49, 1, '2026-02-25 11:33:31'),
(105, 20, 1, 5, 45, 1, '2026-02-25 11:33:31'),
(106, 20, 1, 6, 57, 1, '2026-02-25 11:33:31'),
(107, 20, 1, 7, 64, 0, '2026-02-25 11:33:31'),
(108, 20, 1, 8, 67, 0, '2026-02-25 11:33:31'),
(109, 20, 1, 9, 69, 1, '2026-02-25 11:33:31'),
(110, 20, 1, 10, 77, 1, '2026-02-25 11:33:31'),
(111, 20, 1, 1, 41, 1, '2026-02-25 11:33:35'),
(112, 20, 1, 3, 56, 1, '2026-02-25 11:33:35'),
(113, 20, 1, 4, 49, 1, '2026-02-25 11:33:35'),
(114, 20, 1, 5, 45, 1, '2026-02-25 11:33:35'),
(115, 20, 1, 6, 57, 1, '2026-02-25 11:33:35'),
(116, 20, 1, 7, 64, 0, '2026-02-25 11:33:35'),
(117, 20, 1, 8, 68, 0, '2026-02-25 11:33:35'),
(118, 20, 1, 9, 69, 1, '2026-02-25 11:33:35'),
(119, 20, 1, 10, 77, 1, '2026-02-25 11:33:35'),
(120, 20, 1, 1, 41, 1, '2026-02-25 11:33:43'),
(121, 20, 1, 3, 56, 1, '2026-02-25 11:33:43'),
(122, 20, 1, 4, 49, 1, '2026-02-25 11:33:43'),
(123, 20, 1, 5, 45, 1, '2026-02-25 11:33:43'),
(124, 20, 1, 6, 57, 1, '2026-02-25 11:33:43'),
(125, 20, 1, 7, 64, 0, '2026-02-25 11:33:43'),
(126, 20, 1, 8, 68, 0, '2026-02-25 11:33:43'),
(127, 20, 1, 9, 69, 1, '2026-02-25 11:33:43'),
(128, 20, 1, 10, 77, 1, '2026-02-25 11:33:43'),
(129, 20, 1, 1, 41, 1, '2026-02-25 11:33:47'),
(130, 20, 1, 3, 56, 1, '2026-02-25 11:33:47'),
(131, 20, 1, 4, 49, 1, '2026-02-25 11:33:47'),
(132, 20, 1, 5, 45, 1, '2026-02-25 11:33:47'),
(133, 20, 1, 6, 57, 1, '2026-02-25 11:33:47'),
(134, 20, 1, 7, 64, 0, '2026-02-25 11:33:47'),
(135, 20, 1, 8, 68, 0, '2026-02-25 11:33:47'),
(136, 20, 1, 9, 72, 0, '2026-02-25 11:33:47'),
(137, 20, 1, 10, 77, 1, '2026-02-25 11:33:47'),
(138, 20, 1, 1, 41, 1, '2026-02-25 11:33:50'),
(139, 20, 1, 3, 56, 1, '2026-02-25 11:33:50'),
(140, 20, 1, 4, 49, 1, '2026-02-25 11:33:50'),
(141, 20, 1, 5, 45, 1, '2026-02-25 11:33:50'),
(142, 20, 1, 6, 57, 1, '2026-02-25 11:33:50'),
(143, 20, 1, 7, 64, 0, '2026-02-25 11:33:50'),
(144, 20, 1, 8, 68, 0, '2026-02-25 11:33:50'),
(145, 20, 1, 9, 69, 1, '2026-02-25 11:33:50'),
(146, 20, 1, 10, 77, 1, '2026-02-25 11:33:50'),
(147, 20, 1, 1, 41, 1, '2026-02-25 11:34:02'),
(148, 20, 1, 3, 56, 1, '2026-02-25 11:34:02'),
(149, 20, 1, 4, 49, 1, '2026-02-25 11:34:02'),
(150, 20, 1, 5, 45, 1, '2026-02-25 11:34:02'),
(151, 20, 1, 6, 57, 1, '2026-02-25 11:34:02'),
(152, 20, 1, 7, 61, 1, '2026-02-25 11:34:02'),
(153, 20, 1, 8, 68, 0, '2026-02-25 11:34:02'),
(154, 20, 1, 9, 69, 1, '2026-02-25 11:34:02'),
(155, 20, 1, 10, 77, 1, '2026-02-25 11:34:02'),
(156, 20, 1, 1, 41, 1, '2026-02-25 11:34:09'),
(157, 20, 1, 3, 56, 1, '2026-02-25 11:34:09'),
(158, 20, 1, 4, 49, 1, '2026-02-25 11:34:09'),
(159, 20, 1, 5, 45, 1, '2026-02-25 11:34:09'),
(160, 20, 1, 6, 60, 0, '2026-02-25 11:34:09'),
(161, 20, 1, 7, 61, 1, '2026-02-25 11:34:09'),
(162, 20, 1, 8, 68, 0, '2026-02-25 11:34:09'),
(163, 20, 1, 9, 69, 1, '2026-02-25 11:34:09'),
(164, 20, 1, 10, 77, 1, '2026-02-25 11:34:09'),
(165, 20, 1, 1, 41, 1, '2026-02-25 11:34:16'),
(166, 20, 1, 3, 56, 1, '2026-02-25 11:34:16'),
(167, 20, 1, 4, 49, 1, '2026-02-25 11:34:16'),
(168, 20, 1, 5, 48, 0, '2026-02-25 11:34:16'),
(169, 20, 1, 6, 57, 1, '2026-02-25 11:34:16'),
(170, 20, 1, 7, 61, 1, '2026-02-25 11:34:16'),
(171, 20, 1, 8, 68, 0, '2026-02-25 11:34:16'),
(172, 20, 1, 9, 69, 1, '2026-02-25 11:34:16'),
(173, 20, 1, 10, 77, 1, '2026-02-25 11:34:16'),
(174, 20, 1, 1, 41, 1, '2026-02-25 11:34:25'),
(175, 20, 1, 3, 56, 1, '2026-02-25 11:34:25'),
(176, 20, 1, 4, 52, 0, '2026-02-25 11:34:25'),
(177, 20, 1, 5, 45, 1, '2026-02-25 11:34:25'),
(178, 20, 1, 6, 57, 1, '2026-02-25 11:34:25'),
(179, 20, 1, 7, 61, 1, '2026-02-25 11:34:25'),
(180, 20, 1, 8, 68, 0, '2026-02-25 11:34:25'),
(181, 20, 1, 9, 69, 1, '2026-02-25 11:34:25'),
(182, 20, 1, 10, 77, 1, '2026-02-25 11:34:25'),
(183, 20, 1, 1, 41, 1, '2026-02-25 11:34:32'),
(184, 20, 1, 3, 56, 1, '2026-02-25 11:34:32'),
(185, 20, 1, 4, 49, 1, '2026-02-25 11:34:32'),
(186, 20, 1, 5, 45, 1, '2026-02-25 11:34:32'),
(187, 20, 1, 6, 57, 1, '2026-02-25 11:34:32'),
(188, 20, 1, 7, 61, 1, '2026-02-25 11:34:32'),
(189, 20, 1, 8, 68, 0, '2026-02-25 11:34:32'),
(190, 20, 1, 9, 69, 1, '2026-02-25 11:34:32'),
(191, 20, 1, 10, 77, 1, '2026-02-25 11:34:32'),
(192, 20, 1, 1, 41, 1, '2026-02-25 11:34:36'),
(193, 20, 1, 3, 56, 1, '2026-02-25 11:34:36'),
(194, 20, 1, 4, 49, 1, '2026-02-25 11:34:36'),
(195, 20, 1, 5, 45, 1, '2026-02-25 11:34:36'),
(196, 20, 1, 6, 57, 1, '2026-02-25 11:34:36'),
(197, 20, 1, 7, 61, 1, '2026-02-25 11:34:36'),
(198, 20, 1, 8, 68, 0, '2026-02-25 11:34:36'),
(199, 20, 1, 9, 69, 1, '2026-02-25 11:34:36'),
(200, 20, 1, 10, 77, 1, '2026-02-25 11:34:36'),
(201, 20, 1, 1, 41, 1, '2026-02-25 11:36:48'),
(202, 20, 1, 3, 56, 1, '2026-02-25 11:36:48'),
(203, 20, 1, 4, 49, 1, '2026-02-25 11:36:48'),
(204, 20, 1, 5, 45, 1, '2026-02-25 11:36:48'),
(205, 20, 1, 6, 57, 1, '2026-02-25 11:36:48'),
(206, 20, 1, 7, 61, 1, '2026-02-25 11:36:48'),
(207, 20, 1, 8, 88, 1, '2026-02-25 11:36:48'),
(208, 20, 1, 9, 69, 1, '2026-02-25 11:36:48'),
(209, 20, 1, 10, 77, 1, '2026-02-25 11:36:48'),
(210, 20, 1, 11, 92, 0, '2026-02-25 11:36:48'),
(211, 20, 1, 1, 41, 1, '2026-02-25 11:37:00'),
(212, 20, 1, 3, 56, 1, '2026-02-25 11:37:00'),
(213, 20, 1, 4, 49, 1, '2026-02-25 11:37:00'),
(214, 20, 1, 5, 45, 1, '2026-02-25 11:37:00'),
(215, 20, 1, 6, 57, 1, '2026-02-25 11:37:00'),
(216, 20, 1, 7, 61, 1, '2026-02-25 11:37:00'),
(217, 20, 1, 8, 88, 1, '2026-02-25 11:37:00'),
(218, 20, 1, 9, 69, 1, '2026-02-25 11:37:00'),
(219, 20, 1, 10, 77, 1, '2026-02-25 11:37:00'),
(220, 20, 1, 11, 92, 0, '2026-02-25 11:37:00');

-- --------------------------------------------------------

--
-- Table structure for table `evaluation_answers`
--

CREATE TABLE `evaluation_answers` (
  `id` int NOT NULL,
  `history_id` int NOT NULL DEFAULT '0',
  `user_id` int NOT NULL,
  `evaluation_id` int NOT NULL,
  `question_id` int NOT NULL,
  `option_id` int NOT NULL,
  `is_right` tinyint(1) NOT NULL DEFAULT '0',
  `date_updated` datetime NOT NULL DEFAULT CURRENT_TIMESTAMP ON UPDATE CURRENT_TIMESTAMP
) ENGINE=InnoDB DEFAULT CHARSET=utf8mb4 COLLATE=utf8mb4_unicode_ci;

--
-- Dumping data for table `evaluation_answers`
--

INSERT INTO `evaluation_answers` (`id`, `history_id`, `user_id`, `evaluation_id`, `question_id`, `option_id`, `is_right`, `date_updated`) VALUES
(1, 0, 20, 1, 20, 153, 1, '2026-03-09 16:19:05'),
(2, 0, 20, 1, 44, 264, 0, '2026-03-09 16:19:05'),
(3, 0, 20, 1, 26, 178, 0, '2026-03-09 16:19:05'),
(4, 0, 20, 1, 120, 585, 0, '2026-03-09 16:19:05'),
(5, 0, 20, 1, 27, 181, 0, '2026-03-09 16:19:05'),
(6, 0, 20, 1, 117, 575, 0, '2026-03-09 16:19:05'),
(7, 0, 20, 1, 51, 292, 0, '2026-03-09 16:19:05'),
(8, 0, 20, 1, 32, 214, 0, '2026-03-09 16:19:05'),
(9, 0, 20, 1, 48, 280, 0, '2026-03-09 16:19:05'),
(10, 0, 20, 1, 34, 223, 0, '2026-03-09 16:19:05'),
(11, 2, 20, 1, 109, 544, 1, '2026-03-09 16:23:28'),
(12, 2, 20, 1, 134, 643, 0, '2026-03-09 16:23:28'),
(13, 2, 20, 1, 78, 397, 1, '2026-03-09 16:23:28'),
(14, 2, 20, 1, 50, 287, 0, '2026-03-09 16:23:28'),
(15, 2, 20, 1, 68, 359, 0, '2026-03-09 16:23:28'),
(16, 2, 20, 1, 98, 482, 0, '2026-03-09 16:23:28'),
(17, 2, 20, 1, 14, 110, 0, '2026-03-09 16:23:28'),
(18, 2, 20, 1, 11, 91, 0, '2026-03-09 16:23:28'),
(19, 2, 20, 1, 108, 540, 0, '2026-03-09 16:23:28'),
(20, 2, 20, 1, 115, 565, 0, '2026-03-09 16:23:28'),
(21, 3, 20, 2, 132, 633, 0, '2026-03-09 16:31:27'),
(22, 3, 20, 2, 21, 160, 0, '2026-03-09 16:31:27'),
(23, 3, 20, 2, 40, 248, 0, '2026-03-09 16:31:27'),
(24, 3, 20, 2, 77, 393, 1, '2026-03-09 16:31:27'),
(25, 3, 20, 2, 68, 357, 1, '2026-03-09 16:31:27'),
(26, 3, 20, 2, 122, 593, 0, '2026-03-09 16:31:27'),
(27, 3, 20, 2, 105, 525, 0, '2026-03-09 16:31:27'),
(28, 3, 20, 2, 17, 141, 1, '2026-03-09 16:31:27'),
(29, 3, 20, 2, 24, 169, 1, '2026-03-09 16:31:27'),
(30, 3, 20, 2, 52, 296, 0, '2026-03-09 16:31:27'),
(31, 4, 20, 3, 10, 77, 1, '2026-03-09 16:48:56'),
(32, 4, 20, 3, 104, 508, 1, '2026-03-09 16:48:56'),
(33, 4, 20, 3, 75, 386, 1, '2026-03-09 16:48:56'),
(34, 4, 20, 3, 8, 88, 1, '2026-03-09 16:48:56'),
(35, 4, 20, 3, 16, 137, 1, '2026-03-09 16:48:56'),
(36, 4, 20, 3, 121, 589, 1, '2026-03-09 16:48:56'),
(37, 4, 20, 3, 47, 273, 0, '2026-03-09 16:48:56'),
(38, 4, 20, 3, 35, 228, 1, '2026-03-09 16:48:56'),
(39, 4, 20, 3, 76, 392, 1, '2026-03-09 16:48:56'),
(40, 4, 20, 3, 118, 577, 0, '2026-03-09 16:48:56');

-- --------------------------------------------------------

--
-- Table structure for table `evaluation_detail`
--

CREATE TABLE `evaluation_detail` (
  `id` int NOT NULL,
  `evaluation_id` int NOT NULL,
  `quiz_cat_id` int NOT NULL,
  `value_type` varchar(20) COLLATE utf8mb4_unicode_ci NOT NULL,
  `value_num` decimal(10,2) NOT NULL,
  `question_count` int NOT NULL,
  `date_updated` datetime NOT NULL DEFAULT CURRENT_TIMESTAMP ON UPDATE CURRENT_TIMESTAMP
) ENGINE=InnoDB DEFAULT CHARSET=utf8mb4 COLLATE=utf8mb4_unicode_ci;

--
-- Dumping data for table `evaluation_detail`
--

INSERT INTO `evaluation_detail` (`id`, `evaluation_id`, `quiz_cat_id`, `value_type`, `value_num`, `question_count`, `date_updated`) VALUES
(26, 3, 1, 'cantidad', 10.00, 10, '2026-03-09 16:42:08');

-- --------------------------------------------------------

--
-- Table structure for table `evaluation_history`
--

CREATE TABLE `evaluation_history` (
  `id` int NOT NULL,
  `evaluation_id` int NOT NULL,
  `user_id` int NOT NULL,
  `score` int NOT NULL,
  `total_score` int NOT NULL,
  `date_updated` datetime NOT NULL DEFAULT CURRENT_TIMESTAMP ON UPDATE CURRENT_TIMESTAMP
) ENGINE=InnoDB DEFAULT CHARSET=utf8mb4 COLLATE=utf8mb4_unicode_ci;

--
-- Dumping data for table `evaluation_history`
--

INSERT INTO `evaluation_history` (`id`, `evaluation_id`, `user_id`, `score`, `total_score`, `date_updated`) VALUES
(1, 1, 20, 1, 10, '2026-03-09 16:19:05'),
(2, 1, 20, 2, 10, '2026-03-09 16:23:28'),
(3, 2, 20, 4, 10, '2026-03-09 16:31:27'),
(4, 3, 20, 8, 10, '2026-03-09 16:48:56');

-- --------------------------------------------------------

--
-- Table structure for table `evaluation_list`
--

CREATE TABLE `evaluation_list` (
  `id` int NOT NULL,
  `eval_name` varchar(180) COLLATE utf8mb4_unicode_ci NOT NULL,
  `eval_description` varchar(500) COLLATE utf8mb4_unicode_ci DEFAULT NULL,
  `total_questions` int NOT NULL,
  `randomize_options` tinyint(1) NOT NULL DEFAULT '1',
  `created_by` int NOT NULL,
  `date_updated` datetime NOT NULL DEFAULT CURRENT_TIMESTAMP ON UPDATE CURRENT_TIMESTAMP
) ENGINE=InnoDB DEFAULT CHARSET=utf8mb4 COLLATE=utf8mb4_unicode_ci;

--
-- Dumping data for table `evaluation_list`
--

INSERT INTO `evaluation_list` (`id`, `eval_name`, `eval_description`, `total_questions`, `randomize_options`, `created_by`, `date_updated`) VALUES
(3, 'Prueba', 'Prueba de prueba', 10, 0, 1, '2026-03-09 16:42:08');

-- --------------------------------------------------------

--
-- Table structure for table `evaluation_student_list`
--

CREATE TABLE `evaluation_student_list` (
  `id` int NOT NULL,
  `evaluation_id` int NOT NULL,
  `user_id` int NOT NULL,
  `date_updated` datetime NOT NULL DEFAULT CURRENT_TIMESTAMP ON UPDATE CURRENT_TIMESTAMP
) ENGINE=InnoDB DEFAULT CHARSET=utf8mb4 COLLATE=utf8mb4_unicode_ci;

--
-- Dumping data for table `evaluation_student_list`
--

INSERT INTO `evaluation_student_list` (`id`, `evaluation_id`, `user_id`, `date_updated`) VALUES
(3, 3, 20, '2026-03-09 16:42:18');

-- --------------------------------------------------------

--
-- Table structure for table `faculty`
--

CREATE TABLE `faculty` (
  `id` int NOT NULL,
  `user_id` int NOT NULL,
  `subject` varchar(100) COLLATE utf8mb4_unicode_ci NOT NULL,
  `date_updated` datetime NOT NULL DEFAULT CURRENT_TIMESTAMP ON UPDATE CURRENT_TIMESTAMP
) ENGINE=InnoDB DEFAULT CHARSET=utf8mb4 COLLATE=utf8mb4_unicode_ci;

--
-- Dumping data for table `faculty`
--

INSERT INTO `faculty` (`id`, `user_id`, `subject`, `date_updated`) VALUES
(4, 19, 'Repaso', '2026-02-25 10:51:48');

-- --------------------------------------------------------

--
-- Table structure for table `history`
--

CREATE TABLE `history` (
  `id` int NOT NULL,
  `quiz_id` int NOT NULL,
  `user_id` int NOT NULL,
  `score` int NOT NULL,
  `total_score` int NOT NULL,
  `date_updated` datetime NOT NULL DEFAULT CURRENT_TIMESTAMP ON UPDATE CURRENT_TIMESTAMP
) ENGINE=InnoDB DEFAULT CHARSET=utf8mb4 COLLATE=utf8mb4_unicode_ci;

--
-- Dumping data for table `history`
--

INSERT INTO `history` (`id`, `quiz_id`, `user_id`, `score`, `total_score`, `date_updated`) VALUES
(1, 1, 20, 1, 1, '2026-02-25 11:02:17'),
(2, 1, 20, 0, 1, '2026-02-25 11:11:56'),
(3, 1, 20, 1, 2, '2026-02-25 11:13:54'),
(4, 1, 20, 1, 2, '2026-02-25 11:14:00'),
(5, 1, 20, 1, 2, '2026-02-25 11:14:03'),
(6, 1, 20, 2, 2, '2026-02-25 11:14:19'),
(7, 1, 20, 0, 5, '2026-02-25 11:24:59'),
(8, 1, 20, 4, 5, '2026-02-25 11:26:29'),
(9, 1, 20, 3, 5, '2026-02-25 11:26:32'),
(10, 1, 20, 5, 5, '2026-02-25 11:26:37'),
(11, 1, 20, 6, 9, '2026-02-25 11:31:51'),
(12, 1, 20, 6, 9, '2026-02-25 11:31:55'),
(13, 1, 20, 6, 9, '2026-02-25 11:31:59'),
(14, 1, 20, 6, 9, '2026-02-25 11:32:01'),
(15, 1, 20, 6, 9, '2026-02-25 11:32:03'),
(16, 1, 20, 7, 9, '2026-02-25 11:33:20'),
(17, 1, 20, 7, 9, '2026-02-25 11:33:26'),
(18, 1, 20, 7, 9, '2026-02-25 11:33:31'),
(19, 1, 20, 7, 9, '2026-02-25 11:33:35'),
(20, 1, 20, 7, 9, '2026-02-25 11:33:43'),
(21, 1, 20, 6, 9, '2026-02-25 11:33:47'),
(22, 1, 20, 7, 9, '2026-02-25 11:33:50'),
(23, 1, 20, 8, 9, '2026-02-25 11:34:02'),
(24, 1, 20, 7, 9, '2026-02-25 11:34:09'),
(25, 1, 20, 7, 9, '2026-02-25 11:34:16'),
(26, 1, 20, 7, 9, '2026-02-25 11:34:25'),
(27, 1, 20, 8, 9, '2026-02-25 11:34:32'),
(28, 1, 20, 8, 9, '2026-02-25 11:34:36'),
(29, 1, 20, 9, 10, '2026-02-25 11:36:48'),
(30, 1, 20, 9, 10, '2026-02-25 11:37:01');

-- --------------------------------------------------------

--
-- Table structure for table `questions`
--

CREATE TABLE `questions` (
  `id` int NOT NULL,
  `question` text COLLATE utf8mb4_unicode_ci NOT NULL,
  `qid` int NOT NULL,
  `order_by` int NOT NULL,
  `date_updated` datetime NOT NULL DEFAULT CURRENT_TIMESTAMP ON UPDATE CURRENT_TIMESTAMP
) ENGINE=InnoDB DEFAULT CHARSET=utf8mb4 COLLATE=utf8mb4_unicode_ci;

--
-- Dumping data for table `questions`
--

INSERT INTO `questions` (`id`, `question`, `qid`, `order_by`, `date_updated`) VALUES
(1, 'Me considero\r\n', 1, 0, '2026-03-09 09:36:04'),
(3, 'Uso las relaciones interpersonales para mejor desempeño en mi trabajo.\r\n', 1, 0, '2026-03-09 09:36:04'),
(4, 'Yo, soy capaz de:\r\n', 1, 0, '2026-03-09 09:36:04'),
(5, 'En momentos de tensión:\r\n', 1, 0, '2026-03-09 09:36:04'),
(6, 'Frecuetemente:\r\n', 1, 0, '2026-03-09 09:36:04'),
(7, 'Normalmente:\r\n', 1, 0, '2026-03-09 09:36:04'),
(8, 'Trabajo para:\r\n', 1, 0, '2026-03-09 09:36:04'),
(9, 'Me interesa:\r\n', 1, 0, '2026-03-09 09:36:04'),
(10, 'Soluciono las cosas con:\r\n', 1, 0, '2026-03-09 09:36:04'),
(11, 'Actúo:\r\n', 1, 0, '2026-03-09 09:36:04'),
(12, 'Generalmente soy:\r\n', 1, 0, '2026-03-09 09:36:04'),
(13, 'Usualamente:\r\n', 1, 0, '2026-03-09 09:36:04'),
(14, 'Normalmente:\r\n', 1, 0, '2026-03-09 09:36:04'),
(15, 'Naturalmente:\r\n', 1, 0, '2026-03-09 09:36:04'),
(16, 'Me gusta:\r\n', 1, 0, '2026-03-09 09:36:04'),
(17, 'Tengo capacidad para:\r\n', 1, 0, '2026-03-09 09:36:04'),
(18, 'Busco socializar con la gente de influencia:\r\n', 1, 0, '2026-03-09 09:36:04'),
(19, 'Me atraen:\r\n', 1, 0, '2026-03-09 09:36:04'),
(20, 'Construyo:\r\n', 1, 0, '2026-03-09 09:36:04'),
(21, 'Me caracterizo por reconocer:\r\n', 1, 0, '2026-03-09 09:36:04'),
(22, 'Usualmente soy:\r\n', 1, 0, '2026-03-09 09:36:04'),
(23, 'Naturalmente:\r\n', 1, 0, '2026-03-09 09:36:04'),
(24, 'Normalmente soy:\r\n', 1, 0, '2026-03-09 09:36:04'),
(25, 'Trato de:\r\n', 1, 0, '2026-03-09 09:36:04'),
(26, 'Usualmente trato de:\r\n', 1, 0, '2026-03-09 09:36:04'),
(27, 'Me reconozco como alguien:\r\n', 1, 0, '2026-03-09 09:36:04'),
(28, 'Reconozco que soy:\r\n', 1, 0, '2026-03-09 09:36:04'),
(29, 'Prefiero hacer las cosas con:\r\n', 1, 0, '2026-03-09 09:36:04'),
(30, 'Si hay la necesidad de buscar la información:\r\n\r\n', 1, 0, '2026-03-09 09:36:04'),
(31, 'En general soy:\r\n', 1, 0, '2026-03-09 09:36:04'),
(32, 'Atiendo los requerimientos de otros\r\n', 1, 0, '2026-03-09 09:36:04'),
(33, 'Fomento:\r\n', 1, 0, '2026-03-09 09:36:04'),
(34, 'Las personas piensan que soy:\r\n', 1, 0, '2026-03-09 09:36:04'),
(35, 'Creo que:\r\n', 1, 0, '2026-03-09 09:36:04'),
(36, 'Soy de las personas que:\r\n', 1, 0, '2026-03-09 09:36:04'),
(37, 'Naturalmente soy:\r\n', 1, 0, '2026-03-09 09:36:04'),
(38, 'Tengo aptitudes para:\r\n', 1, 0, '2026-03-09 09:36:04'),
(39, 'Generalmente soy:\r\n', 1, 0, '2026-03-09 09:36:04'),
(40, 'Pienso que soy:\r\n', 1, 0, '2026-03-09 09:36:04'),
(41, 'La gente cree que soy:\r\n', 1, 0, '2026-03-09 09:36:04'),
(42, 'Reconozco que:\r\n', 1, 0, '2026-03-09 09:36:04'),
(43, 'Tengo gusto por:\r\n', 1, 0, '2026-03-09 09:36:04'),
(44, 'Hago las cosas de forma.\r\n', 1, 0, '2026-03-09 09:36:04'),
(45, 'Me reconozco como alguien que:\r\n', 1, 0, '2026-03-09 09:36:04'),
(46, 'Trabajo con:\r\n', 1, 0, '2026-03-09 09:36:04'),
(47, 'Generalmente obtengo.\r\n', 1, 0, '2026-03-09 09:36:04'),
(48, 'Me gusta trabajar con:\r\n', 1, 0, '2026-03-09 09:36:04'),
(49, 'Tengo vocación por:\r\n', 1, 0, '2026-03-09 09:36:04'),
(50, 'Prefiero actividades que permitan:\r\n', 1, 0, '2026-03-09 09:36:04'),
(51, 'Soy de las personas que:\r\n', 1, 0, '2026-03-09 09:36:04'),
(52, 'Comprendo el funcionamiento de los productos y/o servicios de mi trabajo:\r\n', 1, 0, '2026-03-09 09:36:04'),
(53, 'Me oriento a:\r\n', 1, 0, '2026-03-09 09:36:04'),
(54, 'Reconozco que:\r\n', 1, 0, '2026-03-09 09:36:04'),
(55, 'Poseo capacidad para:\r\n', 1, 0, '2026-03-09 09:36:04'),
(56, 'Soy de los que:\r\n', 1, 0, '2026-03-09 09:36:04'),
(57, 'Usualmente:\r\n', 1, 0, '2026-03-09 09:36:04'),
(58, 'Actúo con:\r\n', 1, 0, '2026-03-09 09:36:04'),
(59, 'Soy de los que prioriza:\r\n', 1, 0, '2026-03-09 09:36:04'),
(60, 'Me esfuerzo por:\r\n\r\n', 1, 0, '2026-03-09 09:36:04'),
(61, 'En general soy:\r\n', 1, 0, '2026-03-09 09:36:04'),
(62, 'Soy de las personas que:\r\n', 1, 0, '2026-03-09 09:36:04'),
(63, 'Creo que naturalmente soy:\r\n', 1, 0, '2026-03-09 09:36:04'),
(64, 'Me reconozco como:\r\n', 1, 0, '2026-03-09 09:36:04'),
(65, 'Soy de las personas\r\n', 1, 0, '2026-03-09 09:36:04'),
(66, 'Soy de los que:\r\n', 1, 0, '2026-03-09 09:36:04'),
(67, 'Soy de los que:\r\n', 1, 0, '2026-03-09 09:36:04'),
(68, 'Creo que:\r\n', 1, 0, '2026-03-09 09:36:04'),
(69, 'Comprendo la interrelación existente:\r\n', 1, 0, '2026-03-09 09:36:04'),
(70, 'Usualmente soy:\r\n', 1, 0, '2026-03-09 09:36:04'),
(71, 'Prefiero un trabajo:\r\n', 1, 0, '2026-03-09 09:36:04'),
(72, 'Soy de las personas que:\r\n', 1, 0, '2026-03-09 09:36:04'),
(73, 'Reconozco que:\r\n', 1, 0, '2026-03-09 09:36:04'),
(74, 'Me gusta:\r\n', 1, 0, '2026-03-09 09:36:04'),
(75, 'Es difícil ser:\r\n', 1, 0, '2026-03-09 09:36:04'),
(76, 'Es importante:\r\n', 1, 0, '2026-03-09 09:36:04'),
(77, 'Constantemente:\r\n', 1, 0, '2026-03-09 09:36:04'),
(78, 'Intelectualmente soy:\r\n', 1, 0, '2026-03-09 09:36:04'),
(79, 'Soy de los que tiene:\r\n', 1, 0, '2026-03-09 09:36:04'),
(80, 'Soy de los que:\r\n', 1, 0, '2026-03-09 09:36:04'),
(81, 'Cuando necesito saber o conocer algo:\r\n', 1, 0, '2026-03-09 09:36:04'),
(82, 'Normalmente:\r\n', 1, 0, '2026-03-09 09:36:04'),
(83, 'Generalmente:\r\n', 1, 0, '2026-03-09 09:36:04'),
(84, 'Prefiero realizar mis tareas:\r\n', 1, 0, '2026-03-09 09:36:04'),
(85, 'Me resulta:\r\n', 1, 0, '2026-03-09 09:36:04'),
(86, 'En mi puesto de trabajo:\r\n', 1, 0, '2026-03-09 09:36:04'),
(87, 'Me atraen las situaciones\r\n', 1, 0, '2026-03-09 09:36:04'),
(88, 'Creo que:\r\n', 1, 0, '2026-03-09 09:36:04'),
(89, 'Me siento cómodo\r\n', 1, 0, '2026-03-09 09:36:04'),
(90, 'En discusiones:\r\n', 1, 0, '2026-03-09 09:36:04'),
(91, 'En temas controversiales:\r\n', 1, 0, '2026-03-09 09:36:04'),
(92, 'Normalmente soy:\r\n', 1, 0, '2026-03-09 09:36:04'),
(93, 'Soy de las personas que:\r\n', 1, 0, '2026-03-09 09:36:04'),
(94, 'Dentro de mi trabajo me gusta:\r\n', 1, 0, '2026-03-09 09:36:04'),
(95, 'Soy de los que:\r\n', 1, 0, '2026-03-09 09:36:04'),
(96, 'Dentro de las actividades hay que priorizar:\r\n', 1, 0, '2026-03-09 09:36:04'),
(97, 'En general:', 1, 0, '2026-03-09 09:36:04'),
(98, 'En lo referente a la información:\r\n', 1, 0, '2026-03-09 09:36:04'),
(99, 'Me defino como alguien:\r\n', 1, 0, '2026-03-09 09:36:04'),
(100, 'En general creo que:\r\n', 1, 0, '2026-03-09 09:36:04'),
(101, 'Me considero:\r\n', 1, 0, '2026-03-09 09:36:04'),
(102, 'Reconozco que:\r\n', 1, 0, '2026-03-09 09:36:04'),
(103, 'Cuando se me presentan obstáculos:\r\n', 1, 0, '2026-03-09 09:36:04'),
(104, 'Usualmente\r\n', 1, 0, '2026-03-09 09:36:04'),
(105, 'Fomento la Amistad', 1, 0, '2026-03-09 09:36:04'),
(106, 'Ante un reto:\r\n', 1, 0, '2026-03-09 09:36:04'),
(107, 'Ante una situación  hostil:\r\n', 1, 0, '2026-03-09 09:36:04'),
(108, 'En general soy:\r\n', 1, 0, '2026-03-09 09:36:04'),
(109, 'Creo que tengo:\r\n', 1, 0, '2026-03-09 09:36:04'),
(110, 'Trabajo para:\r\n', 1, 0, '2026-03-09 09:36:04'),
(111, 'Considero que:\r\n', 1, 0, '2026-03-09 09:36:04'),
(112, 'Baso mis juicios:\r\n', 1, 0, '2026-03-09 09:36:04'),
(113, 'Normalmente creo que:\r\n', 1, 0, '2026-03-09 09:36:04'),
(114, 'A veces tiendo a ser:\r\n', 1, 0, '2026-03-09 09:36:04'),
(115, 'Creo que:\r\n', 1, 0, '2026-03-09 09:36:04'),
(116, 'Al hablar con las personas soy:\r\n', 1, 0, '2026-03-09 09:36:04'),
(117, 'Me reconozco como alguien:\r\n', 1, 0, '2026-03-09 09:36:04'),
(118, 'Prefiero trabajar:\r\n', 1, 0, '2026-03-09 09:36:04'),
(119, 'Influir en los demás:\r\n', 1, 0, '2026-03-09 09:36:04'),
(120, 'Conozco:\r\n', 1, 0, '2026-03-09 09:36:04'),
(121, 'Soy de los que:\r\n', 1, 0, '2026-03-09 09:36:04'),
(122, 'Se me dificulta:\r\n', 1, 0, '2026-03-09 09:36:04'),
(123, 'Creo que:\r\n', 1, 0, '2026-03-09 09:36:04'),
(124, 'Creo que a veces:\r\n', 1, 0, '2026-03-09 09:36:04'),
(125, 'Me veo como alguien que:\r\n', 1, 0, '2026-03-09 09:36:04'),
(126, 'A veces puedo:\r\n', 1, 0, '2026-03-09 09:36:04'),
(127, 'Me comprometo:\r\n', 1, 0, '2026-03-09 09:36:04'),
(128, 'Doy importancia:\r\n', 1, 0, '2026-03-09 09:36:04'),
(129, 'Soy una persona que:\r\n', 1, 0, '2026-03-09 09:36:04'),
(130, 'A veces:\r\n', 1, 0, '2026-03-09 09:36:04'),
(131, 'Tengo habilidad para:\r\n', 1, 0, '2026-03-09 09:36:04'),
(132, 'Me gusta:\r\n', 1, 0, '2026-03-09 09:36:04'),
(133, 'Generalmente soy:\r\n', 1, 0, '2026-03-09 09:36:04'),
(134, 'Normalmente soy:\r\n', 1, 0, '2026-03-09 09:36:04'),
(135, 'Trabajo mejor cuando:\r\n', 1, 0, '2026-03-09 09:36:04'),
(136, 'Tengo:\r\n', 1, 0, '2026-03-09 09:36:04'),
(137, 'Considero que:\r\n', 1, 0, '2026-03-09 09:36:04');

-- --------------------------------------------------------

--
-- Table structure for table `question_opt`
--

CREATE TABLE `question_opt` (
  `id` int NOT NULL,
  `option_txt` text COLLATE utf8mb4_unicode_ci NOT NULL,
  `question_id` int NOT NULL,
  `is_right` tinyint NOT NULL DEFAULT '0' COMMENT '1= right answer',
  `date_updated` datetime NOT NULL DEFAULT CURRENT_TIMESTAMP ON UPDATE CURRENT_TIMESTAMP
) ENGINE=InnoDB DEFAULT CHARSET=utf8mb4 COLLATE=utf8mb4_unicode_ci;

--
-- Dumping data for table `question_opt`
--

INSERT INTO `question_opt` (`id`, `option_txt`, `question_id`, `is_right`, `date_updated`) VALUES
(5, 'Adaptable, flexible +', 2, 1, '2026-02-25 10:53:47'),
(6, '-', 2, 0, '2026-02-25 10:53:47'),
(7, '-', 2, 0, '2026-02-25 10:53:47'),
(8, '+ Autoexigente', 2, 0, '2026-02-25 10:53:47'),
(45, '(+) Sé controlarme\r\n', 5, 1, '2026-02-25 11:16:41'),
(46, '(-)', 5, 0, '2026-02-25 11:16:41'),
(47, '(-)', 5, 0, '2026-02-25 11:16:41'),
(48, '(+) Reacciono ágilmente\r\n', 5, 0, '2026-02-25 11:16:41'),
(49, '(+) Reconocer mis capacidades\r\n', 4, 1, '2026-02-25 11:16:45'),
(50, '(-)', 4, 0, '2026-02-25 11:16:45'),
(51, '(-)', 4, 0, '2026-02-25 11:16:45'),
(52, '(+) Reconocer mis equivocaciones\r\n', 4, 0, '2026-02-25 11:16:45'),
(53, '(+) Nunca\r\n', 3, 0, '2026-02-25 11:16:49'),
(54, '(-)', 3, 0, '2026-02-25 11:16:49'),
(55, '(-)', 3, 0, '2026-02-25 11:16:49'),
(56, '(+) Siempre\r\n', 3, 1, '2026-02-25 11:16:49'),
(57, '(+) Me adapto con facilidad a cambios\r\n', 6, 1, '2026-02-25 11:17:54'),
(58, '(-)', 6, 0, '2026-02-25 11:17:54'),
(59, '(-)', 6, 0, '2026-02-25 11:17:54'),
(60, '(+) Trato de crear un ambiente armonioso\r\n', 6, 0, '2026-02-25 11:17:54'),
(61, '(+) Persisto aunque existan obstáculos\r\n', 7, 1, '2026-02-25 11:28:14'),
(62, '(-)', 7, 0, '2026-02-25 11:28:14'),
(63, '(-)', 7, 0, '2026-02-25 11:28:14'),
(64, '(+) Me concentro en cosas prácticas\r\n', 7, 0, '2026-02-25 11:28:14'),
(69, '(+) Aprender más, para mejorar mi trabajo\r\n', 9, 1, '2026-02-25 11:30:03'),
(70, '(-)', 9, 0, '2026-02-25 11:30:03'),
(71, '(-)', 9, 0, '2026-02-25 11:30:03'),
(72, '(+) Ser creativo, para mejorar mi trabajo\r\n', 9, 0, '2026-02-25 11:30:03'),
(77, '(+) Lógica\r\n', 10, 1, '2026-02-25 11:32:20'),
(78, '(-)', 10, 0, '2026-02-25 11:32:20'),
(79, '(-)', 10, 0, '2026-02-25 11:32:20'),
(80, '(+) Intuición\r\n', 10, 0, '2026-02-25 11:32:20'),
(85, '(+) La organización\r\n', 8, 0, '2026-02-25 11:35:18'),
(86, '(-)', 8, 0, '2026-02-25 11:35:18'),
(87, '(-)', 8, 0, '2026-02-25 11:35:18'),
(88, '(+) Conseguir resultados\r\n', 8, 1, '2026-02-25 11:35:18'),
(89, '(+) Con autonomía\r\n', 11, 1, '2026-02-25 11:35:55'),
(90, '(-)', 11, 0, '2026-02-25 11:35:55'),
(91, '(-)', 11, 0, '2026-02-25 11:35:55'),
(92, '(+) En sintonía con otros\r\n', 11, 0, '2026-02-25 11:35:55'),
(97, '(+) Ordenado\r\n', 12, 0, '2026-02-25 11:42:50'),
(98, '(-)', 12, 0, '2026-02-25 11:42:50'),
(99, '(-)', 12, 0, '2026-02-25 11:42:50'),
(100, '(+) Colaborador\r\n', 12, 1, '2026-02-25 11:42:50'),
(105, '(+) Llego al fondo de los asuntos\r\n', 13, 0, '2026-02-25 11:53:20'),
(106, '(-)', 13, 0, '2026-02-25 11:53:20'),
(107, '(-)', 13, 0, '2026-02-25 11:53:20'),
(108, '(+) Me ocupo de lo principal\r\n', 13, 1, '2026-02-25 11:53:20'),
(109, '(+) Tengo capacidad de escucha\r\n', 14, 1, '2026-02-25 12:00:20'),
(110, '(-)', 14, 0, '2026-02-25 12:00:20'),
(111, '(-)', 14, 0, '2026-02-25 12:00:20'),
(112, '(+) Soy directo\r\n', 14, 0, '2026-02-25 12:00:20'),
(133, '(+) Me gusta ayudar y dar servicio a los demás\r\n', 15, 0, '2026-02-25 12:05:59'),
(134, '(-)', 15, 0, '2026-02-25 12:05:59'),
(135, '(-)', 15, 0, '2026-02-25 12:05:59'),
(136, '(+) Me gusta resolver problemas\r\n', 15, 1, '2026-02-25 12:05:59'),
(137, '(+) Colaborar activamente con el equipo\r\n', 16, 1, '2026-02-25 12:06:29'),
(138, '(-)', 16, 0, '2026-02-25 12:06:29'),
(139, '(-)', 16, 0, '2026-02-25 12:06:29'),
(140, '(+) Seguir una metodología eficiente\r\n', 16, 0, '2026-02-25 12:06:29'),
(141, '(+) Influir en las personas\r\n', 17, 1, '2026-02-25 12:06:54'),
(142, '(-)', 17, 0, '2026-02-25 12:06:54'),
(143, '(-)', 17, 0, '2026-02-25 12:06:54'),
(144, '(+) Analizar a las personas\r\n', 17, 0, '2026-02-25 12:06:54'),
(145, '(+) Siempre\r\n', 18, 1, '2026-02-25 12:07:22'),
(146, '(-)', 18, 0, '2026-02-25 12:07:22'),
(147, '(-)', 18, 0, '2026-02-25 12:07:22'),
(148, '(+) Nunca\r\n', 18, 0, '2026-02-25 12:07:22'),
(149, '(+) La seguridad\r\n', 19, 0, '2026-02-25 12:08:57'),
(150, '(-)', 19, 0, '2026-02-25 12:08:57'),
(151, '(-)', 19, 0, '2026-02-25 12:08:57'),
(152, '(+) Los riesgos\r\n', 19, 1, '2026-02-25 12:08:57'),
(153, '(+) Relaciones interpersonales duraderas:\r\n', 20, 1, '2026-02-25 12:09:23'),
(154, '(-)', 20, 0, '2026-02-25 12:09:23'),
(155, '(-)', 20, 0, '2026-02-25 12:09:23'),
(156, '(+) Muchas y variadas relaciones interpersonales\r\n', 20, 0, '2026-02-25 12:09:23'),
(157, '(+) Mis virtudes y defectos\r\n', 21, 1, '2026-02-25 12:09:41'),
(158, '(-)', 21, 0, '2026-02-25 12:09:41'),
(159, '(-)', 21, 0, '2026-02-25 12:09:41'),
(160, '(+) Los hechos que me rodean\r\n', 21, 0, '2026-02-25 12:09:41'),
(161, '(+) Calmado \r\n', 22, 1, '2026-02-25 12:10:05'),
(162, '(-)', 22, 0, '2026-02-25 12:10:05'),
(163, '(-)', 22, 0, '2026-02-25 12:10:05'),
(164, '(+) Entusiasta\r\n', 22, 0, '2026-02-25 12:10:05'),
(165, '(+) Me adapto a la variedad de circunstancias\r\n', 23, 1, '2026-02-25 12:10:25'),
(166, '(-)', 23, 0, '2026-02-25 12:10:25'),
(167, '(-)', 23, 0, '2026-02-25 12:10:25'),
(168, '(+) Trato de influir cambios en el ambiente\r\n', 23, 0, '2026-02-25 12:10:25'),
(169, '(+) Constante \r\n', 24, 1, '2026-02-25 12:10:48'),
(170, '(-)', 24, 0, '2026-02-25 12:10:48'),
(171, '(-)', 24, 0, '2026-02-25 12:10:48'),
(172, '(+) Consciente\r\n', 24, 0, '2026-02-25 12:10:48'),
(173, '(+) Comprometerme con las tareas de  mi trabajo\r\n', 25, 1, '2026-02-25 12:11:06'),
(174, '(-)', 25, 0, '2026-02-25 12:11:06'),
(175, '(-)', 25, 0, '2026-02-25 12:11:06'),
(176, '(+) Comprometerme con la gente de mi trabajo\r\n', 25, 0, '2026-02-25 12:11:06'),
(177, '(+) Aprender nuevas cosas\r\n', 26, 0, '2026-02-25 12:11:34'),
(178, '(-)', 26, 0, '2026-02-25 12:11:34'),
(179, '(-)', 26, 0, '2026-02-25 12:11:34'),
(180, '(+) Ser dedicado\r\n', 26, 1, '2026-02-25 12:11:34'),
(181, '(+) Analítico\r\n', 27, 0, '2026-02-25 12:11:52'),
(182, '(-)', 27, 0, '2026-02-25 12:11:52'),
(183, '(-)', 27, 0, '2026-02-25 12:11:52'),
(184, '(+) Comprometido\r\n', 27, 1, '2026-02-25 12:11:52'),
(185, '(+) Lento para actuar\r\n', 28, 0, '2026-02-25 12:12:13'),
(186, '(-)', 28, 1, '2026-02-25 12:12:13'),
(187, '(-)', 28, 0, '2026-02-25 12:12:13'),
(188, '(+) Impulsivo para actuar\r\n', 28, 0, '2026-02-25 12:12:13'),
(201, '(+) Exactitud\r\n\r\n', 29, 1, '2026-02-25 12:15:01'),
(202, '(-)', 29, 0, '2026-02-25 12:15:01'),
(203, '(-)', 29, 0, '2026-02-25 12:15:01'),
(204, '(+) Inventiva\r\n', 29, 0, '2026-02-25 12:15:01'),
(205, '(+) No espero que me la envíen, la busco\r\n\r\n', 30, 1, '2026-02-25 12:16:40'),
(206, '(-)', 30, 0, '2026-02-25 12:16:40'),
(207, '(-)', 30, 0, '2026-02-25 12:16:40'),
(208, '(+) Trato de sumarme al grupo de búsqueda \r\n', 30, 0, '2026-02-25 12:16:40'),
(209, '(+) Comunicativo\r\n', 31, 1, '2026-02-25 12:17:21'),
(210, '(-)', 31, 0, '2026-02-25 12:17:21'),
(211, '(-)', 31, 0, '2026-02-25 12:17:21'),
(212, '(+) Organizado\r\n', 31, 0, '2026-02-25 12:17:21'),
(213, '(+) Con prontitud\r\n', 32, 0, '2026-02-25 12:17:45'),
(214, '(-)', 32, 0, '2026-02-25 12:17:45'),
(215, '(-)', 32, 0, '2026-02-25 12:17:45'),
(216, '(+) Calidad\r\n', 32, 1, '2026-02-25 12:17:45'),
(217, '(+) El espíritu en equipo\r\n', 33, 1, '2026-02-25 12:18:13'),
(218, '(-)', 33, 0, '2026-02-25 12:18:13'),
(219, '(-)', 33, 0, '2026-02-25 12:18:13'),
(220, '(+) La calidad de trabajo\r\n', 33, 0, '2026-02-25 12:18:13'),
(221, '(+) Convincente\r\n', 34, 0, '2026-02-25 12:18:32'),
(222, '(-)', 34, 0, '2026-02-25 12:18:32'),
(223, '(-)', 34, 0, '2026-02-25 12:18:32'),
(224, '(+) Efectivo\r\n', 34, 1, '2026-02-25 12:18:32'),
(225, '(+) Entiendo la dinámica de las empresas\r\n', 35, 0, '2026-02-25 12:20:34'),
(226, '(-)', 35, 0, '2026-02-25 12:20:34'),
(227, '(-)', 35, 0, '2026-02-25 12:20:34'),
(228, '(+) Sé como generar resultados\r\n', 35, 1, '2026-02-25 12:20:34'),
(229, '(+) Enfrenta retos\r\n', 36, 1, '2026-02-25 12:21:00'),
(230, '(-)', 36, 0, '2026-02-25 12:21:00'),
(231, '(-)', 36, 0, '2026-02-25 12:21:00'),
(232, '(+) Piensa antes de actuar\r\n', 36, 0, '2026-02-25 12:21:00'),
(233, '(+) Cálido y causo simpatía\r\n', 37, 1, '2026-02-25 12:21:31'),
(234, '(-)', 37, 0, '2026-02-25 12:21:31'),
(235, '(-)', 37, 0, '2026-02-25 12:21:31'),
(236, '(+) Discreto y formal\r\n', 37, 0, '2026-02-25 12:21:31'),
(237, '(+) Lograr cosas\r\n', 38, 1, '2026-02-25 12:21:50'),
(238, '(-)', 38, 0, '2026-02-25 12:21:50'),
(239, '(-)', 38, 0, '2026-02-25 12:21:50'),
(240, '(+) Seguir procedimientos\r\n', 38, 0, '2026-02-25 12:21:50'),
(241, '(+) Controlador, calmado\r\n', 39, 1, '2026-02-25 12:22:19'),
(242, '(-)', 39, 0, '2026-02-25 12:22:19'),
(243, '(-)', 39, 0, '2026-02-25 12:22:19'),
(244, '(+) Activo, enérgico\r\n', 39, 0, '2026-02-25 12:22:19'),
(245, '(+) De mente abierta\r\n ', 40, 1, '2026-02-25 12:22:37'),
(246, '(-)', 40, 0, '2026-02-25 12:22:37'),
(247, '(-)', 40, 0, '2026-02-25 12:22:37'),
(248, '(+) De ideas firmes\r\n', 40, 0, '2026-02-25 12:22:37'),
(249, '(+) Perseverante\r\n', 41, 1, '2026-02-25 12:22:58'),
(250, '(-)', 41, 0, '2026-02-25 12:22:58'),
(251, '(-)', 41, 0, '2026-02-25 12:22:58'),
(252, '(+) Imaginativo\r\n', 41, 0, '2026-02-25 12:22:58'),
(253, '(+) Me comprometo incondicionalmente\r\n', 42, 1, '2026-02-25 12:23:16'),
(254, '(-)', 42, 0, '2026-02-25 12:23:16'),
(255, '(-)', 42, 0, '2026-02-25 12:23:16'),
(256, '(+) Se cuando poner límites\r\n', 42, 0, '2026-02-25 12:23:16'),
(257, '(+) Aprender rápido\r\n', 43, 1, '2026-02-25 12:23:54'),
(258, '(-)', 43, 0, '2026-02-25 12:23:54'),
(259, '(-)', 43, 0, '2026-02-25 12:23:54'),
(260, '(+) Especializarme\r\n', 43, 0, '2026-02-25 12:23:54'),
(261, '(+) Pausada \r\n', 44, 0, '2026-02-25 12:24:14'),
(262, '(-)', 44, 0, '2026-02-25 12:24:14'),
(263, '(-)', 44, 1, '2026-02-25 12:24:14'),
(264, '(+) Acelerada\r\n', 44, 0, '2026-02-25 12:24:14'),
(265, '(+) Le gusta el orden\r\n', 45, 0, '2026-02-25 12:24:29'),
(266, '(-)', 45, 0, '2026-02-25 12:24:29'),
(267, '(-)', 45, 0, '2026-02-25 12:24:29'),
(268, '(+) Toma la iniciativa\r\n', 45, 1, '2026-02-25 12:24:29'),
(269, '(+) Orden y Calidad\r\n', 46, 1, '2026-02-25 12:24:51'),
(270, '(-)', 46, 0, '2026-02-25 12:24:51'),
(271, '(-)', 46, 0, '2026-02-25 12:24:51'),
(272, '(+) Dinamismo\r\n', 46, 0, '2026-02-25 12:24:51'),
(273, '(+) Información precisa de un asunto\r\n', 47, 0, '2026-02-25 12:25:13'),
(274, '(-)', 47, 0, '2026-02-25 12:25:13'),
(275, '(-)', 47, 0, '2026-02-25 12:25:13'),
(276, '(+) Lo general y lo priorizo\r\n', 47, 1, '2026-02-25 12:25:13'),
(277, '(+) Personas\r\n', 48, 1, '2026-02-25 12:25:30'),
(278, '(-)', 48, 0, '2026-02-25 12:25:30'),
(279, '(-)', 48, 0, '2026-02-25 12:25:30'),
(280, '(+) Tareas\r\n', 48, 0, '2026-02-25 12:25:30'),
(281, '(+) Servir a otros\r\n', 49, 1, '2026-02-25 12:25:47'),
(282, '(-)', 49, 0, '2026-02-25 12:25:47'),
(283, '(-)', 49, 0, '2026-02-25 12:25:47'),
(284, '(+) Ser autosuficiente\r\n', 49, 0, '2026-02-25 12:25:47'),
(285, '(+) Integrarme en grupos\r\n', 50, 1, '2026-02-25 12:26:05'),
(286, '(-)', 50, 0, '2026-02-25 12:26:05'),
(287, '(-)', 50, 0, '2026-02-25 12:26:05'),
(288, '(+) Concentrarme en temas puntuales\r\n', 50, 0, '2026-02-25 12:26:05'),
(289, '(+) Consigue cambios en la opinión de los demás\r\n', 51, 1, '2026-02-25 12:26:30'),
(290, '(-)', 51, 0, '2026-02-25 12:26:30'),
(291, '(-)', 51, 0, '2026-02-25 12:26:30'),
(292, '(+) Respeta la opinión de otros, aunque no la comparta\r\n', 51, 0, '2026-02-25 12:26:30'),
(293, '(+) En global\r\n', 52, 1, '2026-02-25 12:26:48'),
(294, '(-)', 52, 0, '2026-02-25 12:26:48'),
(295, '(-)', 52, 0, '2026-02-25 12:26:48'),
(296, '(+) En mi área\r\n', 52, 0, '2026-02-25 12:26:48'),
(297, '(+) Competir\r\n', 53, 1, '2026-02-25 12:27:11'),
(298, '(-)', 53, 0, '2026-02-25 12:27:11'),
(299, '(-)', 53, 0, '2026-02-25 12:27:11'),
(300, '(+) Conciliar\r\n', 53, 0, '2026-02-25 12:27:11'),
(301, '(+) Tengo vocación por servir a otros\r\n', 54, 1, '2026-02-25 12:27:29'),
(302, '(-)', 54, 0, '2026-02-25 12:27:29'),
(303, '(-)', 54, 0, '2026-02-25 12:27:29'),
(304, '(+) Prefiero conocer a la gente antes de relacionarme\r\n', 54, 0, '2026-02-25 12:27:29'),
(305, '(+) Automotivarme\r\n', 55, 0, '2026-02-25 12:27:45'),
(306, '(-)', 55, 0, '2026-02-25 12:27:45'),
(307, '(-)', 55, 0, '2026-02-25 12:27:45'),
(308, '(+) Motivar a otros\r\n', 55, 1, '2026-02-25 12:27:45'),
(309, '(+) Piensa \r\n', 56, 0, '2026-02-25 12:28:06'),
(310, '(-)', 56, 0, '2026-02-25 12:28:06'),
(311, '(-)', 56, 1, '2026-02-25 12:28:06'),
(312, '(+) Actúa\r\n', 56, 0, '2026-02-25 12:28:06'),
(313, '(+) Soy abierto con la posición de los demas\r\n', 57, 1, '2026-02-25 12:28:50'),
(314, '(-)', 57, 0, '2026-02-25 12:28:50'),
(315, '(-)', 57, 0, '2026-02-25 12:28:50'),
(316, '(+) Soy exigente con la posición de los demás.\r\n', 57, 0, '2026-02-25 12:28:50'),
(317, '(+) Tenacidad y constancia\r\n', 58, 1, '2026-02-25 12:29:57'),
(318, '(-)', 58, 0, '2026-02-25 12:29:57'),
(319, '(-)', 58, 0, '2026-02-25 12:29:57'),
(320, '(+) Paciencia \r\n', 58, 0, '2026-02-25 12:29:57'),
(321, '(+) El bienestar de la organización\r\n', 59, 1, '2026-02-25 12:30:12'),
(322, '(-)', 59, 0, '2026-02-25 12:30:12'),
(323, '(-)', 59, 0, '2026-02-25 12:30:12'),
(324, '(+) El bienestar de las personas\r\n', 59, 0, '2026-02-25 12:30:12'),
(325, '(+) Aprender cosas nuevas\r\n', 60, 1, '2026-02-25 12:30:37'),
(326, '(-)', 60, 0, '2026-02-25 12:30:37'),
(327, '(-)', 60, 0, '2026-02-25 12:30:37'),
(328, '(+) Especializarme en lo que yo conozco\r\n', 60, 0, '2026-02-25 12:30:37'),
(329, '(+) Objetivo\r\n', 61, 1, '2026-02-25 12:30:58'),
(330, '(-)', 61, 0, '2026-02-25 12:30:58'),
(331, '(-)', 61, 0, '2026-02-25 12:30:58'),
(332, '(+) Sensitivo\r\n', 61, 0, '2026-02-25 12:30:58'),
(333, '(+) Emprende las acciones por su cuenta\r\n', 62, 1, '2026-02-25 12:31:15'),
(334, '(-)', 62, 0, '2026-02-25 12:31:15'),
(335, '(-)', 62, 0, '2026-02-25 12:31:15'),
(336, '(+) Actúa dentro de los procedimientos\r\n', 62, 0, '2026-02-25 12:31:15'),
(337, '(+) Organizado y prolijo\r\n', 63, 1, '2026-02-25 12:31:52'),
(338, '(-)', 63, 0, '2026-02-25 12:31:52'),
(339, '(-)', 63, 0, '2026-02-25 12:31:52'),
(340, '(+) Espontáneo o persuasivo\r\n', 63, 0, '2026-02-25 12:31:52'),
(341, '(+) Investigativo\r\n', 64, 1, '2026-02-25 12:32:10'),
(342, '(-)', 64, 0, '2026-02-25 12:32:10'),
(343, '(-)', 64, 0, '2026-02-25 12:32:10'),
(344, '(+) Solucionador\r\n', 64, 0, '2026-02-25 12:32:10'),
(345, '(+) Sensible con el estado de los otros\r\n', 65, 0, '2026-02-25 12:32:37'),
(346, '(-)', 65, 0, '2026-02-25 12:32:37'),
(347, '(-)', 65, 0, '2026-02-25 12:32:37'),
(348, '(+) Objetivo con el estado de los otros\r\n', 65, 1, '2026-02-25 12:32:37'),
(349, '(+) No se interesa en la vida de los demás\r\n', 66, 0, '2026-02-25 12:33:02'),
(350, '(-)', 66, 0, '2026-02-25 12:33:02'),
(351, '(-)', 66, 1, '2026-02-25 12:33:02'),
(352, '(+) Se interesa en la vida de los demás\r\n', 66, 0, '2026-02-25 12:33:02'),
(353, '(+) Se interesa en las personas\r\n', 67, 0, '2026-02-25 12:33:20'),
(354, '(-)', 67, 0, '2026-02-25 12:33:20'),
(355, '(-)', 67, 0, '2026-02-25 12:33:20'),
(356, '(+) Se interesa en las tareas\r\n', 67, 1, '2026-02-25 12:33:20'),
(357, '(+) Influyo en los pensamientos de los otros\r\n', 68, 1, '2026-02-25 12:33:38'),
(358, '(-)', 68, 0, '2026-02-25 12:33:38'),
(359, '(-)', 68, 0, '2026-02-25 12:33:38'),
(360, '(+) Comprendo los pensamientos de los otros\r\n', 68, 0, '2026-02-25 12:33:38'),
(361, '(+) Entre las áreas de mi trabajo\r\n', 69, 1, '2026-02-25 12:33:57'),
(362, '(-)', 69, 0, '2026-02-25 12:33:57'),
(363, '(-)', 69, 0, '2026-02-25 12:33:57'),
(364, '(+) Entre la gente de mi trabajo\r\n', 69, 0, '2026-02-25 12:33:57'),
(365, '(+) Cuidadoso\r\n', 70, 0, '2026-02-25 12:34:13'),
(366, '(-)', 70, 0, '2026-02-25 12:34:13'),
(367, '(-)', 70, 0, '2026-02-25 12:34:13'),
(368, '(+) Colaborador\r\n', 70, 1, '2026-02-25 12:34:13'),
(369, '(+) Analítico\r\n', 71, 0, '2026-02-25 12:34:35'),
(370, '(-)', 71, 0, '2026-02-25 12:34:35'),
(371, '(-)', 71, 0, '2026-02-25 12:34:35'),
(372, '(+) Con personas\r\n', 71, 1, '2026-02-25 12:34:35'),
(373, '(+) Decide con prontitud\r\n', 72, 0, '2026-02-25 12:34:53'),
(374, '(-)', 72, 1, '2026-02-25 12:34:53'),
(375, '(-)', 72, 0, '2026-02-25 12:34:53'),
(376, '(+) Medita antes de decidir\r\n', 72, 0, '2026-02-25 12:34:53'),
(377, '(+) Me impaciento con facilidad\r\n', 73, 0, '2026-02-25 12:35:11'),
(378, '(-)', 73, 1, '2026-02-25 12:35:11'),
(379, '(-)', 73, 0, '2026-02-25 12:35:11'),
(380, '(+) Tengo una forma de ser despreocupada\r\n', 73, 0, '2026-02-25 12:35:11'),
(381, '(+) Los cambios\r\n', 74, 1, '2026-02-25 12:35:29'),
(382, '(-)', 74, 0, '2026-02-25 12:35:29'),
(383, '(-)', 74, 0, '2026-02-25 12:35:29'),
(384, '(+) Seguir procedimientos\r\n', 74, 0, '2026-02-25 12:35:29'),
(385, '(+) Constante', 75, 0, '2026-02-25 12:36:06'),
(386, '(-)', 75, 1, '2026-02-25 12:36:06'),
(387, '(-)', 75, 0, '2026-02-25 12:36:06'),
(388, '(+) Sociable', 75, 0, '2026-02-25 12:36:06'),
(389, '(+) El bienestar de las personas\r\n', 76, 0, '2026-02-25 12:36:22'),
(390, '(-)', 76, 0, '2026-02-25 12:36:22'),
(391, '(-)', 76, 0, '2026-02-25 12:36:22'),
(392, '(+) El bienestar de la organización\r\n', 76, 1, '2026-02-25 12:36:22'),
(393, '(+) Busco nuevos conocimientos\r\n', 77, 1, '2026-02-25 12:37:19'),
(394, '(-)', 77, 0, '2026-02-25 12:37:19'),
(395, '(-)', 77, 0, '2026-02-25 12:37:19'),
(396, '(+) Me especializo en mis tareas', 77, 0, '2026-02-25 12:37:19'),
(397, '(+) Riguroso\r\n', 78, 1, '2026-02-25 12:37:53'),
(398, '(-)', 78, 0, '2026-02-25 12:37:53'),
(399, '(-)', 78, 0, '2026-02-25 12:37:53'),
(400, '(+) Comprensivo\r\n', 78, 0, '2026-02-25 12:37:53'),
(401, '(+) Ideas realistas\r\n', 79, 0, '2026-02-25 12:38:09'),
(402, '(-)', 79, 0, '2026-02-25 12:38:09'),
(403, '(-)', 79, 0, '2026-02-25 12:38:09'),
(404, '(+) Ideas nuevas\r\n', 79, 1, '2026-02-25 12:38:09'),
(405, '(+) Prefiere rapidez\r\n', 80, 0, '2026-02-25 12:38:25'),
(406, '(-)', 80, 0, '2026-02-25 12:38:25'),
(407, '(-)', 80, 0, '2026-02-25 12:38:25'),
(408, '(+) Prefiere los detalles\r\n', 80, 1, '2026-02-25 12:38:25'),
(409, '(+) Me apoyo en otro para investigar\r\n', 81, 0, '2026-02-25 12:38:40'),
(410, '(-)', 81, 0, '2026-02-25 12:38:40'),
(411, '(-)', 81, 0, '2026-02-25 12:38:40'),
(412, '(+) Investigo por mi cuenta\r\n', 81, 1, '2026-02-25 12:38:40'),
(413, '(+) Me intereso en la vida de los demás\r\n', 82, 0, '2026-02-25 12:39:07'),
(414, '(-)', 82, 1, '2026-02-25 12:39:07'),
(415, '(-)', 82, 0, '2026-02-25 12:39:07'),
(416, '(+) Respeto la intimidad de los demás\r\n', 82, 0, '2026-02-25 12:39:07'),
(417, '(+) Apoyo a mis compañeros de mi trabajo\r\n', 83, 0, '2026-02-25 12:39:21'),
(418, '(-)', 83, 0, '2026-02-25 12:39:21'),
(419, '(-)', 83, 0, '2026-02-25 12:39:21'),
(420, '(+) Me preocupo de las tareas de mi trabajo\r\n', 83, 1, '2026-02-25 12:39:21'),
(421, '(+) De forma independiente\r\n', 84, 1, '2026-02-25 12:39:39'),
(422, '(-)', 84, 0, '2026-02-25 12:39:39'),
(423, '(-)', 84, 0, '2026-02-25 12:39:39'),
(424, '(+) En compañía de otros\r\n', 84, 0, '2026-02-25 12:39:39'),
(425, '(+) Fácil influir en los demás\r\n', 85, 1, '2026-02-25 12:39:57'),
(426, '(-)', 85, 0, '2026-02-25 12:39:57'),
(427, '(-)', 85, 0, '2026-02-25 12:39:57'),
(428, '(+) Dificultoso influir en los demás\r\n', 85, 0, '2026-02-25 12:39:57'),
(429, '(+) Se quienes pueden influir en el\r\n', 86, 0, '2026-02-25 12:40:17'),
(430, '(-)', 86, 0, '2026-02-25 12:40:17'),
(431, '(-)', 86, 0, '2026-02-25 12:40:17'),
(432, '(+) No me preocupa quienes pueden influir en el\r\n', 86, 1, '2026-02-25 12:40:17'),
(433, '(+) Que conllevan riesgo\r\n', 87, 1, '2026-02-25 12:40:37'),
(434, '(-)', 87, 0, '2026-02-25 12:40:37'),
(435, '(-)', 87, 0, '2026-02-25 12:40:37'),
(436, '(+) Que conlleven seguridad\r\n', 87, 0, '2026-02-25 12:40:37'),
(437, '(+) Tengo amistades útiles en mi trabajo\r\n', 88, 0, '2026-02-25 12:42:50'),
(438, '(-)', 88, 0, '2026-02-25 12:42:50'),
(439, '(-)', 88, 0, '2026-02-25 12:42:50'),
(440, '(+) Trato de llevarme con todos por igual\r\n', 88, 1, '2026-02-25 12:42:50'),
(441, '(+) Enfrentando riesgos\r\n', 89, 1, '2026-02-25 12:43:11'),
(442, '(-)', 89, 0, '2026-02-25 12:43:11'),
(443, '(-)', 89, 0, '2026-02-25 12:43:11'),
(444, '(+) Siguiendo Normas\r\n', 89, 0, '2026-02-25 12:43:11'),
(445, '(+) Actúo de forma prudente\r\n', 90, 1, '2026-02-25 12:43:29'),
(446, '(-)', 90, 0, '2026-02-25 12:43:29'),
(447, '(-)', 90, 0, '2026-02-25 12:43:29'),
(448, '(+) Enfrento la situación frontalmente\r\n', 90, 0, '2026-02-25 12:43:29'),
(449, '(+) Soy abierto y tolerante\r\n', 91, 1, '2026-02-25 12:43:51'),
(450, '(-)', 91, 0, '2026-02-25 12:43:51'),
(451, '(-)', 91, 0, '2026-02-25 12:43:51'),
(452, '(+) Tengo una posición definida\r\n', 91, 0, '2026-02-25 12:43:51'),
(453, '(+) De los que insiste en las cosas que se propone\r\n', 92, 1, '2026-02-25 12:44:26'),
(454, '(-)', 92, 0, '2026-02-25 12:44:26'),
(455, '(-)', 92, 0, '2026-02-25 12:44:26'),
(456, '(+) Realista con aquello que no pude lograr\r\n', 92, 0, '2026-02-25 12:44:26'),
(457, '(+) Acato disposiciones, sin cuestionamientos\r\n', 93, 1, '2026-02-25 12:45:27'),
(458, '(-)', 93, 0, '2026-02-25 12:45:27'),
(459, '(-)', 93, 0, '2026-02-25 12:45:27'),
(460, '(+) Cuestiona disposiciones si no me parecen\r\n', 93, 0, '2026-02-25 12:45:27'),
(465, '(+) Apoyarme en las personas\r\n', 94, 1, '2026-02-25 12:48:28'),
(466, '(-)', 94, 0, '2026-02-25 12:48:28'),
(467, '(-)', 94, 0, '2026-02-25 12:48:28'),
(468, '(+) Apoyarme en los hechos\r\n', 94, 0, '2026-02-25 12:48:28'),
(469, '(+) Aprovecho las oportunidades que me llegan\r\n', 95, 0, '2026-02-25 12:48:43'),
(470, '(-)', 95, 0, '2026-02-25 12:48:43'),
(471, '(-)', 95, 0, '2026-02-25 12:48:43'),
(472, '(+) Creo mis propias oportunidades\r\n', 95, 1, '2026-02-25 12:48:43'),
(473, '(+) La cantidad\r\n', 96, 0, '2026-02-25 12:48:57'),
(474, '(-)', 96, 0, '2026-02-25 12:48:57'),
(475, '(-)', 96, 0, '2026-02-25 12:48:57'),
(476, '(+) La calidad\r\n', 96, 1, '2026-02-25 12:48:57'),
(477, '(+) Soy práctico y hago lo mejor, con la información que tengo\r\n', 97, 0, '2026-02-25 12:49:25'),
(478, '(-)', 97, 0, '2026-02-25 12:49:25'),
(479, '(-)', 97, 0, '2026-02-25 12:49:25'),
(480, '(+) Persisto hasta obtener la información que necesito\r\n', 97, 1, '2026-02-25 12:49:25'),
(481, '(+) La manejo efectivamente\r\n', 98, 0, '2026-02-25 12:49:43'),
(482, '(-)', 98, 0, '2026-02-25 12:49:43'),
(483, '(-)', 98, 0, '2026-02-25 12:49:43'),
(484, '(+) La comunico efectivamente\r\n', 98, 1, '2026-02-25 12:49:43'),
(485, '(+) Metódico\r\n', 99, 0, '2026-02-25 12:49:57'),
(486, '(-)', 99, 0, '2026-02-25 12:49:57'),
(487, '(-)', 99, 0, '2026-02-25 12:49:57'),
(488, '(+) Servicial\r\n', 99, 1, '2026-02-25 12:49:57'),
(489, '(+) No todos podemos ser parte de un equipo\r\n', 100, 0, '2026-02-25 12:50:18'),
(490, '(-)', 100, 0, '2026-02-25 12:50:18'),
(491, '(-)', 100, 0, '2026-02-25 12:50:18'),
(492, '(+) Todos podemos ser parte de un equipo\r\n', 100, 1, '2026-02-25 12:50:18'),
(493, '(+) Colaborador\r\n', 101, 1, '2026-02-25 12:50:35'),
(494, '(-)', 101, 0, '2026-02-25 12:50:35'),
(495, '(-)', 101, 0, '2026-02-25 12:50:35'),
(496, '(+) Persuasivo\r\n', 101, 0, '2026-02-25 12:50:35'),
(497, '(+) Uso positivamente las influencias personales en mi trabajo\r\n', 102, 1, '2026-02-25 12:50:56'),
(498, '(-)', 102, 0, '2026-02-25 12:50:56'),
(499, '(-)', 102, 0, '2026-02-25 12:50:56'),
(500, '(+) No uso las influencias personales en mi trabajo\r\n', 102, 0, '2026-02-25 12:50:56'),
(501, '(+) Evalúo hasta donde puedo llegar\r\n', 103, 0, '2026-02-25 12:51:14'),
(502, '(-)', 103, 0, '2026-02-25 12:51:14'),
(503, '(-)', 103, 0, '2026-02-25 12:51:14'),
(504, '(+) Logro mis objetivos sin importar el precio\r\n', 103, 1, '2026-02-25 12:51:14'),
(505, '(+) Me vuelvo efectivo en lo que me enseñan\r\n', 104, 0, '2026-02-25 12:54:30'),
(506, '(-)', 104, 0, '2026-02-25 12:54:30'),
(507, '(-)', 104, 0, '2026-02-25 12:54:30'),
(508, '(+) Exploro más de lo que me enseñan\r\n', 104, 1, '2026-02-25 12:54:30'),
(521, '(+) Adaptable, flexible\r\n\r\n', 1, 1, '2026-02-25 13:25:32'),
(522, '(-)', 1, 0, '2026-02-25 13:25:32'),
(523, '(-)', 1, 0, '2026-02-25 13:25:32'),
(524, '(+) Autoexigente\r\n\r\n', 1, 0, '2026-02-25 13:25:32'),
(525, '(+) Con todas las personas de mi trabajo\r\n\r\n', 105, 0, '2026-02-25 13:29:29'),
(526, '(-)', 105, 0, '2026-02-25 13:29:29'),
(527, '(-)', 105, 0, '2026-02-25 13:29:29'),
(528, '(+) Con las personas claves de mi trabajo\r\n\r\n', 105, 1, '2026-02-25 13:29:29'),
(529, '(+) Me apoyo en la experiencia de los otros\r\n', 106, 0, '2026-02-25 13:30:03'),
(530, '(-)', 106, 0, '2026-02-25 13:30:03'),
(531, '(-)', 106, 0, '2026-02-25 13:30:03'),
(532, '(+) Confío en mi capacidad\r\n', 106, 1, '2026-02-25 13:30:03'),
(533, '(+) Actúo\r\n', 107, 0, '2026-02-25 13:30:29'),
(534, '(-)', 107, 0, '2026-02-25 13:30:29'),
(535, '(-)', 107, 0, '2026-02-25 13:30:29'),
(536, '(+) Escucho\r\n', 107, 1, '2026-02-25 13:30:29'),
(537, '(+) Calmado y analizo las variaciones del entorno\r\n', 108, 1, '2026-02-25 13:30:49'),
(538, '(-)', 108, 0, '2026-02-25 13:30:49'),
(539, '(-)', 108, 0, '2026-02-25 13:30:49'),
(540, '(+) Entusiasta frente a las variaciones del entorno\r\n', 108, 0, '2026-02-25 13:30:49'),
(541, '(+) La sabiduría para detenerme\r\n', 109, 0, '2026-02-25 13:31:37'),
(542, '(-)', 109, 0, '2026-02-25 13:31:37'),
(543, '(-)', 109, 0, '2026-02-25 13:31:37'),
(544, '(+) Energía para ser constante\r\n', 109, 1, '2026-02-25 13:31:37'),
(545, '(+) Auto superarme y madurar activamente\r\n', 110, 0, '2026-02-25 13:31:57'),
(546, '(-)', 110, 0, '2026-02-25 13:31:57'),
(547, '(-)', 110, 0, '2026-02-25 13:31:57'),
(548, '(+) Mejorar el bienestar de la organización\r\n', 110, 1, '2026-02-25 13:31:57'),
(549, '(+) Todos deberíamos trabajar\r\n', 111, 0, '2026-02-25 13:32:26'),
(550, '(-)', 111, 0, '2026-02-25 13:32:26'),
(551, '(-)', 111, 0, '2026-02-25 13:32:26'),
(552, '(+) Todos deberíamos estudiar\r\n', 111, 1, '2026-02-25 13:32:26'),
(553, '(+) Dando prioridad a lo urgente\r\n', 112, 1, '2026-02-25 13:32:43'),
(554, '(-)', 112, 0, '2026-02-25 13:32:43'),
(555, '(-)', 112, 0, '2026-02-25 13:32:43'),
(556, '(+) En evaluaciones exaustivas\r\n', 112, 0, '2026-02-25 13:32:43'),
(557, '(+) Soy jugador de equipo\r\n', 113, 1, '2026-02-25 13:33:03'),
(558, '(-)', 113, 0, '2026-02-25 13:33:03'),
(559, '(-)', 113, 0, '2026-02-25 13:33:03'),
(560, '(+) Proactivo\r\n', 113, 0, '2026-02-25 13:33:03'),
(561, '(+) Desordenado\r\n', 114, 0, '2026-02-25 13:33:18'),
(562, '(-)', 114, 0, '2026-02-25 13:33:18'),
(563, '(-)', 114, 1, '2026-02-25 13:33:18'),
(564, '(+) Irritable\r\n', 114, 0, '2026-02-25 13:33:18'),
(565, '(+) No soy curioso\r\n', 115, 0, '2026-02-25 13:33:33'),
(566, '(-)', 115, 0, '2026-02-25 13:33:33'),
(567, '(-)', 115, 0, '2026-02-25 13:33:33'),
(568, '(+) Soy curioso\r\n', 115, 1, '2026-02-25 13:33:33'),
(569, '(+) Firme \r\n', 116, 0, '2026-02-25 13:33:52'),
(570, '(-)', 116, 0, '2026-02-25 13:33:52'),
(571, '(-)', 116, 0, '2026-02-25 13:33:52'),
(572, '(+) Diplomático\r\n', 116, 1, '2026-02-25 13:33:52'),
(573, '(+) No pasivo\r\n', 117, 0, '2026-02-25 13:34:08'),
(574, '(-)', 117, 1, '2026-02-25 13:34:08'),
(575, '(-)', 117, 0, '2026-02-25 13:34:08'),
(576, '(+) Pasivo\r\n', 117, 0, '2026-02-25 13:34:08'),
(577, '(+) Con personas\r\n', 118, 0, '2026-02-25 13:34:24'),
(578, '(-)', 118, 0, '2026-02-25 13:34:24'),
(579, '(-)', 118, 0, '2026-02-25 13:34:24'),
(580, '(+) Con Información\r\n', 118, 1, '2026-02-25 13:34:24'),
(581, '(+) Es complicado\r\n', 119, 0, '2026-02-25 13:34:41'),
(582, '(-)', 119, 0, '2026-02-25 13:34:41'),
(583, '(-)', 119, 0, '2026-02-25 13:34:41'),
(584, '(+) No es complicado\r\n', 119, 1, '2026-02-25 13:34:41'),
(585, '(+) Mi trabajo perfectamente\r\n', 120, 0, '2026-02-25 13:34:56'),
(586, '(-)', 120, 0, '2026-02-25 13:34:56'),
(587, '(-)', 120, 0, '2026-02-25 13:34:56'),
(588, '(+) Mis habilidades perfectamente\r\n', 120, 1, '2026-02-25 13:34:56'),
(589, '(+) Me gusta tomar decisiones arriesgadas\r\n', 121, 1, '2026-02-25 13:35:11'),
(590, '(-)', 121, 0, '2026-02-25 13:35:11'),
(591, '(-)', 121, 0, '2026-02-25 13:35:11'),
(592, '(+) Evita tomar decisiones arriesgadas\r\n', 121, 0, '2026-02-25 13:35:11'),
(593, '(+) Entender los limites de otros\r\n', 122, 0, '2026-02-25 13:35:27'),
(594, '(-)', 122, 1, '2026-02-25 13:35:27'),
(595, '(-)', 122, 0, '2026-02-25 13:35:27'),
(596, '(+) Hacer amigos\r\n', 122, 0, '2026-02-25 13:35:27'),
(597, '(+) Es importante confiar en la gente\r\n', 123, 1, '2026-02-25 13:35:44'),
(598, '(-)', 123, 0, '2026-02-25 13:35:44'),
(599, '(-)', 123, 0, '2026-02-25 13:35:44'),
(600, '(+) No se debe confiar demasiado en la gente\r\n', 123, 0, '2026-02-25 13:35:44'),
(601, '(+) Soy excesivamente pasivo\r\n', 124, 0, '2026-02-25 13:36:10'),
(602, '(-)', 124, 0, '2026-02-25 13:36:10'),
(603, '(-)', 124, 1, '2026-02-25 13:36:10'),
(604, '(+) Me descontrolo con facilidad\r\n', 124, 0, '2026-02-25 13:36:10'),
(605, '(+) Prefiero lo tradicional \r\n', 125, 0, '2026-02-25 13:36:31'),
(606, '(-)', 125, 0, '2026-02-25 13:36:31'),
(607, '(-)', 125, 0, '2026-02-25 13:36:31'),
(608, '(+) Tengo gusto por lo novedoso\r\n', 125, 1, '2026-02-25 13:36:31'),
(609, '(+) Obsesionarme con las cosas\r\n', 126, 0, '2026-02-25 13:36:54'),
(610, '(-)', 126, 1, '2026-02-25 13:36:54'),
(611, '(-)', 126, 0, '2026-02-25 13:36:54'),
(612, '(+) Ser algo inconstante\r\n', 126, 0, '2026-02-25 13:36:54'),
(613, '(+) Por mi cuenta\r\n', 127, 1, '2026-02-25 13:37:14'),
(614, '(-)', 127, 0, '2026-02-25 13:37:14'),
(615, '(-)', 127, 0, '2026-02-25 13:37:14'),
(616, '(+) Por los demás\r\n', 127, 0, '2026-02-25 13:37:14'),
(617, '(+) A mis habilidades\r\n', 128, 1, '2026-02-25 13:37:40'),
(618, '(-)', 128, 0, '2026-02-25 13:37:40'),
(619, '(-)', 128, 0, '2026-02-25 13:37:40'),
(620, '(+) A mi intelecto\r\n', 128, 0, '2026-02-25 13:37:40'),
(621, '(+) Persiste en sus acciones\r\n', 129, 1, '2026-02-25 13:37:54'),
(622, '(-)', 129, 0, '2026-02-25 13:37:54'),
(623, '(-)', 129, 0, '2026-02-25 13:37:54'),
(624, '(+) Toma en cuenta las consecuencias de una acción\r\n', 129, 0, '2026-02-25 13:37:54'),
(625, '(+) Propongo ideas que pueden ser irreales\r\n', 130, 1, '2026-02-25 13:38:29'),
(626, '(-)', 130, 0, '2026-02-25 13:38:29'),
(627, '(-)', 130, 0, '2026-02-25 13:38:29'),
(628, '(+) Me cuesta proponer ideas grandes\r\n', 130, 0, '2026-02-25 13:38:29'),
(629, '(+) Cuidar los detalles y la calidad\r\n', 131, 1, '2026-02-25 13:38:46'),
(630, '(-)', 131, 0, '2026-02-25 13:38:46'),
(631, '(-)', 131, 0, '2026-02-25 13:38:46'),
(632, '(+) Priorizar mis tareas\r\n', 131, 0, '2026-02-25 13:38:46'),
(633, '(+) Afinarme bien en mis tareas\r\n', 132, 0, '2026-02-25 13:39:02'),
(634, '(-)', 132, 0, '2026-02-25 13:39:02'),
(635, '(-)', 132, 0, '2026-02-25 13:39:02'),
(636, '(+) Buscar información para realizar mi trabajo\r\n', 132, 1, '2026-02-25 13:39:02'),
(637, '(+) Sensible con los cambios de los demás\r\n', 133, 0, '2026-02-25 13:39:17'),
(638, '(-)', 133, 1, '2026-02-25 13:39:17'),
(639, '(-)', 133, 0, '2026-02-25 13:39:17'),
(640, '(+) Discreto con los asuntos de los demás\r\n', 133, 0, '2026-02-25 13:39:17'),
(641, '(+) De los que cumple normas\r\n', 134, 1, '2026-02-25 13:39:34'),
(642, '(-)', 134, 0, '2026-02-25 13:39:34'),
(643, '(-)', 134, 0, '2026-02-25 13:39:34'),
(644, '(+) Atento con los demás\r\n', 134, 0, '2026-02-25 13:39:34'),
(645, '(+) Dependo de otros\r\n', 135, 0, '2026-02-25 13:39:52'),
(646, '(-)', 135, 0, '2026-02-25 13:39:52'),
(647, '(-)', 135, 0, '2026-02-25 13:39:52'),
(648, '(+) Dependo de mi\r\n', 135, 1, '2026-02-25 13:39:52'),
(649, '(+) Claridad de pensamiento\r\n', 136, 1, '2026-02-25 13:40:08'),
(650, '(-)', 136, 0, '2026-02-25 13:40:08'),
(651, '(-)', 136, 0, '2026-02-25 13:40:08'),
(652, '(+) Poder de convencimiento\r\n', 136, 0, '2026-02-25 13:40:08'),
(653, '(+) No es necesario influir en el ambiente de trabajo\r\n', 137, 0, '2026-02-25 13:40:28'),
(654, '(-)', 137, 0, '2026-02-25 13:40:28'),
(655, '(-)', 137, 0, '2026-02-25 13:40:28'),
(656, '(+) Sé como influir en el ambiente de trabajo\r\n', 137, 1, '2026-02-25 13:40:28');

-- --------------------------------------------------------

--
-- Table structure for table `quiz_category`
--

CREATE TABLE `quiz_category` (
  `id` int NOT NULL,
  `cat_name` varchar(150) CHARACTER SET utf8mb4 COLLATE utf8mb4_unicode_ci NOT NULL,
  `cat_descrip` varchar(200) CHARACTER SET utf8mb4 COLLATE utf8mb4_unicode_ci DEFAULT NULL,
  `state` bit(1) NOT NULL DEFAULT b'1'
) ENGINE=InnoDB DEFAULT CHARSET=utf8mb4 COLLATE=utf8mb4_unicode_ci;

--
-- Dumping data for table `quiz_category`
--

INSERT INTO `quiz_category` (`id`, `cat_name`, `cat_descrip`, `state`) VALUES
(1, 'Psicometricas', 'Preguntas evaluación psicométrica.', b'1');

-- --------------------------------------------------------

--
-- Table structure for table `quiz_list`
--

CREATE TABLE `quiz_list` (
  `id` int NOT NULL,
  `title` varchar(200) COLLATE utf8mb4_unicode_ci NOT NULL,
  `qpoints` int NOT NULL DEFAULT '1',
  `randomize_options` tinyint(1) NOT NULL DEFAULT '1',
  `user_id` int NOT NULL,
  `date_updated` datetime NOT NULL DEFAULT CURRENT_TIMESTAMP ON UPDATE CURRENT_TIMESTAMP,
  `quiz_cat_id` int NOT NULL
) ENGINE=InnoDB DEFAULT CHARSET=utf8mb4 COLLATE=utf8mb4_unicode_ci;

--
-- Dumping data for table `quiz_list`
--

INSERT INTO `quiz_list` (`id`, `title`, `qpoints`, `randomize_options`, `user_id`, `date_updated`, `quiz_cat_id`) VALUES
(1, 'Competencias', 1, 0, 19, '2026-03-09 13:38:23', 1);

-- --------------------------------------------------------

--
-- Table structure for table `quiz_student_list`
--

CREATE TABLE `quiz_student_list` (
  `id` int NOT NULL,
  `quiz_id` int NOT NULL,
  `user_id` int NOT NULL,
  `date_updated` datetime NOT NULL DEFAULT CURRENT_TIMESTAMP ON UPDATE CURRENT_TIMESTAMP
) ENGINE=InnoDB DEFAULT CHARSET=utf8mb4 COLLATE=utf8mb4_unicode_ci;

--
-- Dumping data for table `quiz_student_list`
--

INSERT INTO `quiz_student_list` (`id`, `quiz_id`, `user_id`, `date_updated`) VALUES
(1, 1, 20, '2026-02-25 10:54:09');

-- --------------------------------------------------------

--
-- Table structure for table `students`
--

CREATE TABLE `students` (
  `id` int NOT NULL,
  `user_id` int NOT NULL,
  `level_section` varchar(100) COLLATE utf8mb4_unicode_ci NOT NULL,
  `date_updated` datetime NOT NULL DEFAULT CURRENT_TIMESTAMP ON UPDATE CURRENT_TIMESTAMP
) ENGINE=InnoDB DEFAULT CHARSET=utf8mb4 COLLATE=utf8mb4_unicode_ci;

--
-- Dumping data for table `students`
--

INSERT INTO `students` (`id`, `user_id`, `level_section`, `date_updated`) VALUES
(9, 20, '1A', '2026-02-25 10:52:20');

-- --------------------------------------------------------

--
-- Table structure for table `users`
--

CREATE TABLE `users` (
  `id` int NOT NULL,
  `name` varchar(150) COLLATE utf8mb4_unicode_ci NOT NULL,
  `user_type` tinyint(1) NOT NULL DEFAULT '1' COMMENT '1 = admin, 2= faculty , 3 = student',
  `username` varchar(25) COLLATE utf8mb4_unicode_ci NOT NULL,
  `password` varchar(25) COLLATE utf8mb4_unicode_ci NOT NULL,
  `status` tinyint(1) NOT NULL DEFAULT '1' COMMENT ' 0 = incative , 1 = active',
  `date_updated` datetime NOT NULL DEFAULT CURRENT_TIMESTAMP ON UPDATE CURRENT_TIMESTAMP
) ENGINE=InnoDB DEFAULT CHARSET=utf8mb4 COLLATE=utf8mb4_unicode_ci;

--
-- Dumping data for table `users`
--

INSERT INTO `users` (`id`, `name`, `user_type`, `username`, `password`, `status`, `date_updated`) VALUES
(1, 'Administrator', 1, 'admin', 'admin123', 1, '2020-09-07 09:10:49'),
(19, 'Gavino Carranco', 2, 'gcarranco', 'aadmin123', 1, '2026-02-25 10:51:48'),
(20, 'Maritza Rueda', 3, 'mrueda', 'mrueda', 1, '2026-02-25 10:52:20');

--
-- Indexes for dumped tables
--

--
-- Indexes for table `answers`
--
ALTER TABLE `answers`
  ADD PRIMARY KEY (`id`);

--
-- Indexes for table `evaluation_answers`
--
ALTER TABLE `evaluation_answers`
  ADD PRIMARY KEY (`id`);

--
-- Indexes for table `evaluation_detail`
--
ALTER TABLE `evaluation_detail`
  ADD PRIMARY KEY (`id`);

--
-- Indexes for table `evaluation_history`
--
ALTER TABLE `evaluation_history`
  ADD PRIMARY KEY (`id`);

--
-- Indexes for table `evaluation_list`
--
ALTER TABLE `evaluation_list`
  ADD PRIMARY KEY (`id`);

--
-- Indexes for table `evaluation_student_list`
--
ALTER TABLE `evaluation_student_list`
  ADD PRIMARY KEY (`id`);

--
-- Indexes for table `faculty`
--
ALTER TABLE `faculty`
  ADD PRIMARY KEY (`id`);

--
-- Indexes for table `history`
--
ALTER TABLE `history`
  ADD PRIMARY KEY (`id`);

--
-- Indexes for table `questions`
--
ALTER TABLE `questions`
  ADD PRIMARY KEY (`id`);

--
-- Indexes for table `question_opt`
--
ALTER TABLE `question_opt`
  ADD PRIMARY KEY (`id`);

--
-- Indexes for table `quiz_category`
--
ALTER TABLE `quiz_category`
  ADD PRIMARY KEY (`id`);

--
-- Indexes for table `quiz_list`
--
ALTER TABLE `quiz_list`
  ADD PRIMARY KEY (`id`),
  ADD KEY `fk_quizlist_quizcat` (`quiz_cat_id`);

--
-- Indexes for table `quiz_student_list`
--
ALTER TABLE `quiz_student_list`
  ADD PRIMARY KEY (`id`);

--
-- Indexes for table `students`
--
ALTER TABLE `students`
  ADD PRIMARY KEY (`id`);

--
-- Indexes for table `users`
--
ALTER TABLE `users`
  ADD PRIMARY KEY (`id`);

--
-- AUTO_INCREMENT for dumped tables
--

--
-- AUTO_INCREMENT for table `answers`
--
ALTER TABLE `answers`
  MODIFY `id` int NOT NULL AUTO_INCREMENT, AUTO_INCREMENT=221;

--
-- AUTO_INCREMENT for table `evaluation_answers`
--
ALTER TABLE `evaluation_answers`
  MODIFY `id` int NOT NULL AUTO_INCREMENT, AUTO_INCREMENT=41;

--
-- AUTO_INCREMENT for table `evaluation_detail`
--
ALTER TABLE `evaluation_detail`
  MODIFY `id` int NOT NULL AUTO_INCREMENT, AUTO_INCREMENT=27;

--
-- AUTO_INCREMENT for table `evaluation_history`
--
ALTER TABLE `evaluation_history`
  MODIFY `id` int NOT NULL AUTO_INCREMENT, AUTO_INCREMENT=5;

--
-- AUTO_INCREMENT for table `evaluation_list`
--
ALTER TABLE `evaluation_list`
  MODIFY `id` int NOT NULL AUTO_INCREMENT, AUTO_INCREMENT=4;

--
-- AUTO_INCREMENT for table `evaluation_student_list`
--
ALTER TABLE `evaluation_student_list`
  MODIFY `id` int NOT NULL AUTO_INCREMENT, AUTO_INCREMENT=4;

--
-- AUTO_INCREMENT for table `faculty`
--
ALTER TABLE `faculty`
  MODIFY `id` int NOT NULL AUTO_INCREMENT, AUTO_INCREMENT=5;

--
-- AUTO_INCREMENT for table `history`
--
ALTER TABLE `history`
  MODIFY `id` int NOT NULL AUTO_INCREMENT, AUTO_INCREMENT=31;

--
-- AUTO_INCREMENT for table `questions`
--
ALTER TABLE `questions`
  MODIFY `id` int NOT NULL AUTO_INCREMENT, AUTO_INCREMENT=138;

--
-- AUTO_INCREMENT for table `question_opt`
--
ALTER TABLE `question_opt`
  MODIFY `id` int NOT NULL AUTO_INCREMENT, AUTO_INCREMENT=657;

--
-- AUTO_INCREMENT for table `quiz_category`
--
ALTER TABLE `quiz_category`
  MODIFY `id` int NOT NULL AUTO_INCREMENT, AUTO_INCREMENT=3;

--
-- AUTO_INCREMENT for table `quiz_list`
--
ALTER TABLE `quiz_list`
  MODIFY `id` int NOT NULL AUTO_INCREMENT, AUTO_INCREMENT=4;

--
-- AUTO_INCREMENT for table `quiz_student_list`
--
ALTER TABLE `quiz_student_list`
  MODIFY `id` int NOT NULL AUTO_INCREMENT, AUTO_INCREMENT=3;

--
-- AUTO_INCREMENT for table `students`
--
ALTER TABLE `students`
  MODIFY `id` int NOT NULL AUTO_INCREMENT, AUTO_INCREMENT=10;

--
-- AUTO_INCREMENT for table `users`
--
ALTER TABLE `users`
  MODIFY `id` int NOT NULL AUTO_INCREMENT, AUTO_INCREMENT=21;

--
-- Constraints for dumped tables
--

--
-- Constraints for table `quiz_list`
--
ALTER TABLE `quiz_list`
  ADD CONSTRAINT `fk_quizlist_quizcat` FOREIGN KEY (`quiz_cat_id`) REFERENCES `quiz_category` (`id`) ON DELETE RESTRICT ON UPDATE RESTRICT;
COMMIT;

/*!40101 SET CHARACTER_SET_CLIENT=@OLD_CHARACTER_SET_CLIENT */;
/*!40101 SET CHARACTER_SET_RESULTS=@OLD_CHARACTER_SET_RESULTS */;
/*!40101 SET COLLATION_CONNECTION=@OLD_COLLATION_CONNECTION */;
